기업명,항목,2020/12,2021/12,2022/12,2023/12,2024/09,2024/06
삼성전자,매출액,nan,2796048.0,3022314.0,2589355.0,2250826.0,nan
삼성전자,당기순이익,nan,399075.0,556541.0,154871.0,266970.0,nan
삼성전자,영업활동현금흐름,nan,651054.0,621813.0,441374.0,509604.0,nan
삼성전자,잉여현금흐름,nan,80666.0,111885.0,186215.0,-275696.0,nan
삼성전자,부채비율,37.1,39.9,26.4,25.4,27.2,nan
삼성전자,유보율,29723.5,32906.5,38360.3,39256.9,41810.5,nan
삼성전자,ROE,10.0,13.9,17.1,4.1,9.5,nan
삼성전자,총자산회전율,0.7,0.7,0.7,0.6,0.6,nan
삼성전자,시가총액,5441168.0,6099040.0,5305928.0,5198938.0,5814198.0,nan
삼성전자,PER,21.09,13.55,6.86,36.84,nan,nan
삼성전자,PBR,2.06,1.8,1.09,1.51,1.11,nan
삼성전자,EV/EBITDA,8.33,6.23,4.62,11.72,nan,nan
NAVER,매출액,nan,68176.0,82201.0,96706.0,78521.0,nan
NAVER,당기순이익,nan,164776.0,6732.0,9850.0,14179.0,nan
NAVER,영업활동현금흐름,nan,13799.0,14534.0,20022.0,17213.0,nan
NAVER,잉여현금흐름,nan,-9766.0,-1020.0,9424.0,10063.0,nan
NAVER,부채비율,106.1,40.2,44.6,47.5,42.6,nan
NAVER,유보율,51970.9,149171.2,144069.1,145875.2,153930.6,nan
NAVER,ROE,15.2,106.7,3.3,4.4,7.6,nan
NAVER,총자산회전율,0.4,0.3,0.2,0.3,0.3,nan
NAVER,시가총액,556853.0,745756.0,616825.0,384695.0,375976.0,nan
NAVER,PER,47.97,3.77,38.3,36.25,nan,nan
NAVER,PBR,5.6,2.52,1.23,1.51,1.07,nan
NAVER,EV/EBITDA,28.61,35.58,15.99,18.06,nan,nan
삼성SDI,매출액,nan,135532.0,201241.0,227083.0,95810.0,nan
삼성SDI,당기순이익,nan,12504.0,20394.0,20660.0,5878.0,nan
삼성SDI,영업활동현금흐름,nan,21760.0,26411.0,21035.0,-6246.0,nan
삼성SDI,잉여현금흐름,nan,8092.0,3236.0,-10986.0,1168.0,nan
삼성SDI,부채비율,61.2,70.0,75.7,71.0,nan,78.3
삼성SDI,유보율,3634.9,4118.9,4618.3,5186.2,nan,5451.2
삼성SDI,ROE,4.5,8.5,12.5,11.5,nan,6.3
삼성SDI,총자산회전율,0.6,0.6,0.7,0.7,nan,0.5
삼성SDI,시가총액,436776.0,569216.0,528265.0,550982.0,nan,338612.0
삼성SDI,PER,76.91,39.41,21.31,16.53,nan,nan
삼성SDI,PBR,3.32,3.06,2.47,1.76,nan,1.26
삼성SDI,EV/EBITDA,26.38,20.8,13.41,11.28,nan,nan
크래프톤,매출액,nan,18854.0,18540.0,19106.0,13729.0,nan
크래프톤,당기순이익,nan,5199.0,5002.0,5941.0,6900.0,nan
크래프톤,영업활동현금흐름,nan,7139.0,5127.0,6623.0,4059.0,nan
크래프톤,잉여현금흐름,nan,22504.0,-24064.0,428.0,-337.0,nan
크래프톤,부채비율,41.6,24.1,18.0,15.9,nan,17.2
크래프톤,유보율,28276.5,94006.8,104037.1,112709.3,nan,125255.9
크래프톤,ROE,61.9,17.9,10.3,11.2,nan,23.8
크래프톤,총자산회전율,1.2,0.5,0.3,0.3,nan,0.4
크래프톤,시가총액,nan,277584.0,225248.0,105431.0,nan,142228.0
크래프톤,PER,nan,40.19,16.48,15.84,nan,nan
크래프톤,PBR,nan,4.89,1.61,1.69,nan,2.18
크래프톤,EV/EBITDA,0.0,31.37,9.6,10.69,nan,nan
삼성에스디에스,매출액,nan,136300.0,172348.0,132768.0,101859.0,nan
삼성에스디에스,당기순이익,nan,6334.0,11300.0,7013.0,5932.0,nan
삼성에스디에스,영업활동현금흐름,nan,9802.0,12898.0,14608.0,5827.0,nan
삼성에스디에스,잉여현금흐름,nan,-1698.0,2889.0,3761.0,-5083.0,nan
삼성에스디에스,부채비율,33.5,41.3,41.2,37.3,36.3,nan
삼성에스디에스,유보율,17141.7,18588.3,21158.8,22282.7,23242.8,nan
삼성에스디에스,ROE,6.7,8.8,14.2,8.2,8.6,nan
삼성에스디에스,총자산회전율,1.2,1.4,1.5,1.1,1.1,nan
삼성에스디에스,시가총액,159398.0,169844.0,121096.0,133090.0,132703.0,nan
삼성에스디에스,PER,31.15,19.81,8.65,18.97,nan,nan
삼성에스디에스,PBR,2.07,1.67,1.16,1.52,1.33,nan
삼성에스디에스,EV/EBITDA,10.58,9.86,6.83,9.48,nan,nan
LG이노텍,매출액,nan,149456.0,195894.0,206053.0,145739.0,nan
LG이노텍,당기순이익,nan,8883.0,9798.0,5652.0,3424.0,nan
LG이노텍,영업활동현금흐름,nan,11776.0,15150.0,21041.0,474.0,nan
LG이노텍,잉여현금흐름,nan,-1403.0,-403.0,8080.0,-5671.0,nan
LG이노텍,부채비율,148.7,133.6,129.6,137.7,137.5,nan
LG이노텍,유보율,1951.8,2701.0,3505.1,3884.3,4113.9,nan
LG이노텍,ROE,10.2,30.9,25.9,12.6,9.4,nan
LG이노텍,총자산회전율,1.6,2.2,2.2,2.0,1.7,nan
LG이노텍,시가총액,43784.0,87095.0,97390.0,75025.0,71475.0,nan
LG이노텍,PER,18.29,9.7,6.1,10.03,nan,nan
LG이노텍,PBR,1.78,2.6,1.4,1.2,1.03,nan
LG이노텍,EV/EBITDA,3.97,4.7,3.44,3.75,nan,nan
한미반도체,매출액,nan,3732.0,3276.0,1590.0,2008.0,nan
한미반도체,당기순이익,nan,1044.0,923.0,2672.0,578.0,nan
한미반도체,영업활동현금흐름,nan,523.0,1095.0,450.0,324.0,nan
한미반도체,잉여현금흐름,nan,-326.0,406.0,860.0,-726.0,nan
한미반도체,부채비율,27.2,23.8,16.8,26.6,nan,26.7
한미반도체,유보율,2069.5,2627.3,2967.7,4633.0,nan,4888.6
한미반도체,ROE,21.0,34.6,25.0,55.5,nan,20.3
한미반도체,총자산회전율,0.9,1.0,0.7,0.3,nan,0.6
한미반도체,시가총액,9322.0,19932.0,18869.0,64536.0,nan,183318.0
한미반도체,PER,18.76,18.06,12.31,22.48,nan,nan
한미반도체,PBR,3.38,5.4,2.87,9.98,nan,26.34
한미반도체,EV/EBITDA,12.81,14.52,9.28,138.96,nan,nan
DB하이텍,매출액,nan,12147.0,16695.0,11542.0,5599.0,nan
DB하이텍,당기순이익,nan,3169.0,5562.0,2641.0,1080.0,nan
DB하이텍,영업활동현금흐름,nan,3931.0,7309.0,2243.0,1479.0,nan
DB하이텍,잉여현금흐름,nan,1354.0,-237.0,1051.0,-86.0,nan
DB하이텍,부채비율,48.3,40.1,31.0,17.4,nan,19.4
DB하이텍,유보율,266.3,406.0,643.6,736.1,nan,774.3
DB하이텍,ROE,23.1,33.4,40.6,15.7,nan,12.1
DB하이텍,총자산회전율,0.8,0.9,0.9,0.6,nan,0.5
DB하이텍,시가총액,22776.0,34666.0,37807.0,34639.0,nan,25352.0
DB하이텍,PER,13.67,10.21,2.97,9.87,nan,nan
DB하이텍,PBR,2.78,2.87,1.0,1.4,nan,1.12
DB하이텍,EV/EBITDA,6.48,5.96,1.88,6.52,nan,nan
솔루스첨단소재,매출액,nan,3803.0,4183.0,4294.0,4052.0,nan
솔루스첨단소재,당기순이익,nan,2.0,-472.0,1268.0,-553.0,nan
솔루스첨단소재,영업활동현금흐름,nan,-420.0,-1004.0,175.0,-1416.0,nan
솔루스첨단소재,잉여현금흐름,nan,-1843.0,105.0,-380.0,179.0,nan
솔루스첨단소재,부채비율,71.7,93.7,59.1,61.3,76.0,nan
솔루스첨단소재,유보율,7278.3,7535.4,11899.3,16022.4,7773.8,nan
솔루스첨단소재,ROE,-5.1,4.0,-2.7,29.3,-3.6,nan
솔루스첨단소재,총자산회전율,0.4,0.4,0.3,0.3,0.3,nan
솔루스첨단소재,시가총액,18668.0,37111.0,28821.0,19545.0,17108.0,nan
솔루스첨단소재,PER,nan,364.66,nan,7.89,nan,nan
솔루스첨단소재,PBR,8.22,14.32,3.07,2.02,1.59,nan
솔루스첨단소재,EV/EBITDA,37.5,83.62,nan,nan,nan,nan
넷마블,매출액,nan,25069.0,26734.0,25021.0,13675.0,nan
넷마블,당기순이익,nan,2492.0,-8864.0,-3039.0,1524.0,nan
넷마블,영업활동현금흐름,nan,1375.0,-4084.0,-981.0,765.0,nan
넷마블,잉여현금흐름,nan,791.0,-9978.0,-1135.0,225.0,nan
넷마블,부채비율,45.5,77.5,58.9,55.9,nan,49.3
넷마블,유보율,67608.8,71995.3,68149.7,62549.5,nan,66231.3
넷마블,ROE,6.4,4.3,-14.6,-4.9,nan,6.6
넷마블,총자산회전율,0.4,0.3,0.3,0.3,nan,0.3
넷마블,시가총액,169468.0,126781.0,109591.0,61972.0,nan,59652.0
넷마블,PER,36.05,44.71,nan,nan,nan,nan
넷마블,PBR,1.94,1.73,0.88,0.93,nan,0.81
넷마블,EV/EBITDA,30.05,39.14,56.38,54.91,nan,nan
삼성전기,매출액,nan,96750.0,94246.0,89094.0,52044.0,nan
삼성전기,당기순이익,nan,9154.0,9935.0,4505.0,3678.0,nan
삼성전기,영업활동현금흐름,nan,17312.0,15754.0,11804.0,8957.0,nan
삼성전기,잉여현금흐름,nan,-2949.0,4409.0,-155.0,6661.0,nan
삼성전기,부채비율,56.1,44.7,42.9,45.2,nan,50.2
삼성전기,유보율,1425.5,1669.5,1880.7,1960.4,nan,2072.1
삼성전기,ROE,10.9,14.3,13.8,5.5,nan,8.8
삼성전기,총자산회전율,0.9,1.0,0.9,0.8,nan,0.9
삼성전기,시가총액,135632.0,166577.0,148259.0,120153.0,nan,121406.0
삼성전기,PER,22.87,17.17,10.33,28.11,nan,nan
삼성전기,PBR,2.33,2.23,1.32,1.49,nan,1.45
삼성전기,EV/EBITDA,8.02,6.46,4.89,8.02,nan,nan
에코프로,매출액,nan,15042.0,56397.0,72602.0,18847.0,nan
에코프로,당기순이익,nan,2786.0,2206.0,1353.0,-902.0,nan
에코프로,영업활동현금흐름,nan,-1448.0,-5186.0,809.0,1704.0,nan
에코프로,잉여현금흐름,nan,1552.0,663.0,7643.0,-3365.0,nan
에코프로,부채비율,118.0,100.4,112.0,116.8,nan,124.6
에코프로,유보율,2901.9,9493.1,10321.9,12649.9,nan,12210.6
에코프로,ROE,8.2,32.7,2.9,3.4,nan,-9.3
에코프로,총자산회전율,0.8,0.6,1.3,1.1,nan,0.5
에코프로,시가총액,11796.0,33926.0,37352.0,344296.0,nan,179470.0
에코프로,PER,31.51,10.37,74.28,337.7,nan,nan
에코프로,PBR,2.34,2.5,2.04,10.15,nan,7.32
에코프로,EV/EBITDA,14.56,27.98,6.91,43.75,nan,nan
엔씨소프트,매출액,nan,23088.0,25718.0,17798.0,7668.0,nan
엔씨소프트,당기순이익,nan,3957.0,4360.0,2139.0,1282.0,nan
엔씨소프트,영업활동현금흐름,nan,3911.0,7360.0,1399.0,769.0,nan
엔씨소프트,잉여현금흐름,nan,906.0,401.0,756.0,-1146.0,nan
엔씨소프트,부채비율,29.8,45.4,38.7,35.1,nan,29.6
엔씨소프트,유보율,32442.1,34194.3,34625.8,35113.0,nan,35390.9
엔씨소프트,ROE,20.8,12.6,13.7,6.6,nan,7.9
엔씨소프트,총자산회전율,0.7,0.5,0.6,0.4,nan,0.4
엔씨소프트,시가총액,218443.0,227883.0,146433.0,104611.0,nan,52690.0
엔씨소프트,PER,34.8,35.57,22.57,24.89,nan,nan
엔씨소프트,PBR,5.72,3.75,2.58,1.37,nan,1.01
엔씨소프트,EV/EBITDA,22.95,30.11,14.8,21.2,nan,nan
솔브레인,매출액,nan,10239.0,10909.0,8440.0,4270.0,nan
솔브레인,당기순이익,nan,1522.0,1677.0,1310.0,902.0,nan
솔브레인,영업활동현금흐름,nan,1319.0,1908.0,2210.0,1229.0,nan
솔브레인,잉여현금흐름,nan,-216.0,7.0,-75.0,464.0,nan
솔브레인,부채비율,41.2,27.3,17.0,8.3,nan,9.8
솔브레인,유보율,12716.5,16317.0,20068.9,23030.9,nan,25132.1
솔브레인,ROE,nan,26.3,23.0,15.6,nan,19.3
솔브레인,총자산회전율,nan,1.3,1.2,0.9,nan,0.8
솔브레인,시가총액,21936.0,28602.0,21624.0,23880.0,nan,26719.0
솔브레인,PER,33.48,14.59,10.41,18.14,nan,nan
솔브레인,PBR,4.25,3.39,2.16,2.63,nan,2.3
솔브레인,EV/EBITDA,16.65,9.2,6.61,12.33,nan,nan
현대오토에버,매출액,nan,20704.0,27545.0,30650.0,25540.0,nan
현대오토에버,당기순이익,nan,714.0,1162.0,1403.0,1235.0,nan
현대오토에버,영업활동현금흐름,nan,2199.0,2013.0,2089.0,2383.0,nan
현대오토에버,잉여현금흐름,nan,412.0,4198.0,-811.0,-1895.0,nan
현대오토에버,부채비율,91.5,70.5,75.8,78.6,74.7,nan
현대오토에버,유보율,5186.0,9875.3,10685.3,11423.0,12045.5,nan
현대오토에버,ROE,11.1,7.3,8.0,9.0,9.9,nan
현대오토에버,총자산회전율,1.5,1.2,1.1,1.1,1.2,nan
현대오토에버,시가총액,26775.0,39353.0,39353.0,65818.0,54683.0,nan
현대오토에버,PER,43.96,51.08,22.99,42.1,nan,nan
현대오토에버,PBR,4.67,2.77,1.77,3.67,2.57,nan
현대오토에버,EV/EBITDA,18.02,20.54,10.29,18.97,nan,nan
동진쎄미켐,매출액,nan,11613.0,14572.0,13099.0,6884.0,nan
동진쎄미켐,당기순이익,nan,1029.0,1562.0,1235.0,797.0,nan
동진쎄미켐,영업활동현금흐름,nan,761.0,1901.0,1147.0,1191.0,nan
동진쎄미켐,잉여현금흐름,nan,189.0,530.0,-91.0,205.0,nan
동진쎄미켐,부채비율,119.4,111.4,96.1,92.3,nan,94.4
동진쎄미켐,유보율,1587.3,2052.9,2610.7,3031.6,nan,3416.4
동진쎄미켐,ROE,21.6,20.9,25.5,17.0,nan,19.3
동진쎄미켐,총자산회전율,1.0,1.1,1.1,0.9,nan,0.8
동진쎄미켐,시가총액,19383.0,26221.0,24011.0,21774.0,nan,25759.0
동진쎄미켐,PER,22.01,25.39,9.66,15.63,nan,nan
동진쎄미켐,PBR,4.33,4.74,2.21,2.47,nan,2.28
동진쎄미켐,EV/EBITDA,11.68,15.39,6.09,9.76,nan,nan
리노공업,매출액,nan,2802.0,3224.0,2556.0,1948.0,nan
리노공업,당기순이익,nan,1038.0,1144.0,1109.0,750.0,nan
리노공업,영업활동현금흐름,nan,1306.0,1086.0,1104.0,796.0,nan
리노공업,잉여현금흐름,nan,-240.0,-468.0,38.0,88.0,nan
리노공업,부채비율,7.2,11.7,7.8,4.6,6.9,nan
리노공업,유보율,4357.2,5411.7,6402.1,7240.4,7628.7,nan
리노공업,ROE,17.4,27.5,25.1,21.1,17.5,nan
리노공업,총자산회전율,0.6,0.7,0.7,0.5,0.4,nan
리노공업,시가총액,21720.0,32405.0,30332.0,32695.0,45422.0,nan
리노공업,PER,37.16,29.12,20.72,27.83,nan,nan
리노공업,PBR,6.06,7.2,4.78,5.52,4.89,nan
리노공업,EV/EBITDA,23.37,23.35,15.73,24.07,nan,nan
카카오,매출액,nan,59105.0,67987.0,75570.0,59146.0,nan
카카오,당기순이익,nan,16405.0,10670.0,-18167.0,2333.0,nan
카카오,영업활동현금흐름,nan,13066.0,6784.0,13411.0,9804.0,nan
카카오,잉여현금흐름,nan,24068.0,-4839.0,5808.0,5178.0,nan
카카오,부채비율,61.3,67.9,69.9,81.7,81.3,nan
카카오,유보율,14086.4,22224.2,22291.2,21826.0,22815.1,nan
카카오,ROE,2.6,17.1,13.6,-10.3,3.8,nan
카카오,총자산회전율,0.4,0.3,0.3,0.3,0.3,nan
카카오,시가총액,362618.0,752461.0,510424.0,315805.0,271803.0,nan
카카오,PER,227.41,36.04,17.42,nan,nan,nan
카카오,PBR,5.5,5.03,2.37,2.47,1.58,nan
카카오,EV/EBITDA,49.62,55.94,23.62,23.12,nan,nan
LX세미콘,매출액,nan,18988.0,21193.0,19014.0,13631.0,nan
LX세미콘,당기순이익,nan,2964.0,2337.0,1012.0,1097.0,nan
LX세미콘,영업활동현금흐름,nan,4215.0,-817.0,1024.0,1986.0,nan
LX세미콘,잉여현금흐름,nan,349.0,545.0,-54.0,709.0,nan
LX세미콘,부채비율,41.0,46.5,35.7,23.4,33.5,nan
LX세미콘,유보율,6445.4,9741.6,11586.5,11911.1,12902.2,nan
LX세미콘,ROE,14.4,44.5,26.7,10.5,14.4,nan
LX세미콘,총자산회전율,1.7,2.0,1.7,1.5,1.4,nan
LX세미콘,시가총액,9466.0,27210.0,27292.0,20119.0,14150.0,nan
LX세미콘,PER,13.05,9.18,4.99,13.95,nan,nan
LX세미콘,PBR,1.78,3.4,1.23,1.45,0.99,nan
LX세미콘,EV/EBITDA,8.6,6.93,3.42,8.91,nan,nan
해성디에스,매출액,nan,6554.0,8394.0,6722.0,4578.0,nan
해성디에스,당기순이익,nan,711.0,1594.0,844.0,464.0,nan
해성디에스,영업활동현금흐름,nan,571.0,1969.0,1431.0,494.0,nan
해성디에스,잉여현금흐름,nan,58.0,471.0,640.0,-520.0,nan
해성디에스,부채비율,65.3,61.4,47.5,33.7,31.8,nan
해성디에스,유보율,172.8,246.3,426.2,505.9,542.9,nan
해성디에스,ROE,13.6,27.1,43.0,17.6,11.7,nan
해성디에스,총자산회전율,1.3,1.5,1.5,1.0,0.9,nan
해성디에스,시가총액,4148.0,8806.0,12529.0,13090.0,10455.0,nan
해성디에스,PER,13.83,11.65,3.82,11.16,nan,nan
해성디에스,PBR,1.79,2.82,1.36,1.83,0.91,nan
해성디에스,EV/EBITDA,6.68,7.37,2.5,6.4,nan,nan
포스코DX,매출액,nan,8693.0,11527.0,14859.0,11117.0,nan
포스코DX,당기순이익,nan,-139.0,459.0,921.0,678.0,nan
포스코DX,영업활동현금흐름,nan,-519.0,-39.0,218.0,885.0,nan
포스코DX,잉여현금흐름,nan,-1080.0,25.0,281.0,607.0,nan
포스코DX,부채비율,85.0,80.1,105.7,92.8,60.7,nan
포스코DX,유보율,386.4,371.8,443.7,505.7,565.6,nan
포스코DX,ROE,2.4,-3.9,11.8,21.1,18.6,nan
포스코DX,총자산회전율,1.4,1.3,1.5,1.7,1.7,nan
포스코DX,시가총액,11935.0,13942.0,10734.0,112810.0,105816.0,nan
포스코DX,PER,135.84,nan,20.85,122.78,nan,nan
포스코DX,PBR,3.19,2.78,2.3,24.5,9.16,nan
포스코DX,EV/EBITDA,34.04,nan,12.93,93.36,nan,nan
HPSP,매출액,nan,918.0,1593.0,1791.0,651.0,nan
HPSP,당기순이익,nan,353.0,660.0,804.0,357.0,nan
HPSP,영업활동현금흐름,nan,378.0,821.0,664.0,77.0,nan
HPSP,잉여현금흐름,nan,173.0,758.0,-857.0,-169.0,nan
HPSP,부채비율,53.3,73.7,33.6,15.7,nan,13.6
HPSP,유보율,1560.5,531.4,1825.8,578.2,nan,656.4
HPSP,ROE,nan,81.1,53.2,34.1,nan,25.3
HPSP,총자산회전율,nan,1.3,0.9,0.6,nan,0.4
HPSP,시가총액,nan,nan,13797.0,39986.0,nan,52327.0
HPSP,PER,nan,nan,14.8,44.33,nan,nan
HPSP,PBR,nan,nan,5.56,12.93,nan,10.35
HPSP,EV/EBITDA,0.0,0.0,12.58,37.63,nan,nan
SOOP,매출액,nan,2723.0,3150.0,3476.0,2015.0,nan
SOOP,당기순이익,nan,709.0,595.0,746.0,524.0,nan
SOOP,영업활동현금흐름,nan,1335.0,1009.0,1197.0,452.0,nan
SOOP,잉여현금흐름,nan,89.0,17.0,600.0,-180.0,nan
SOOP,부채비율,97.9,94.9,92.9,97.1,nan,85.9
SOOP,유보율,2687.3,3720.7,4564.1,5718.3,nan,6518.7
SOOP,ROE,27.6,39.9,26.5,28.0,nan,33.6
SOOP,총자산회전율,0.8,0.8,0.7,0.7,nan,0.7
SOOP,시가총액,7874.0,27243.0,23323.0,10943.0,nan,15093.0
SOOP,PER,19.0,32.81,13.68,13.19,nan,nan
SOOP,PBR,4.34,10.61,3.05,2.94,nan,3.97
SOOP,EV/EBITDA,10.87,22.5,8.22,8.93,nan,nan
피엔티,매출액,nan,3777.0,4178.0,5454.0,6459.0,nan
피엔티,당기순이익,nan,527.0,597.0,685.0,732.0,nan
피엔티,영업활동현금흐름,nan,419.0,352.0,-399.0,283.0,nan
피엔티,잉여현금흐름,nan,154.0,-137.0,86.0,-20.0,nan
피엔티,부채비율,248.6,224.3,366.5,244.6,205.3,nan
피엔티,유보율,1117.5,1576.0,2061.8,3474.8,4089.0,nan
피엔티,ROE,33.6,33.5,28.1,20.0,19.7,nan
피엔티,총자산회전율,0.8,0.8,0.5,0.4,0.5,nan
피엔티,시가총액,5756.0,12326.0,14168.0,18398.0,19285.0,nan
피엔티,PER,15.43,18.63,16.39,17.94,nan,nan
피엔티,PBR,4.02,5.23,4.01,2.82,2.67,nan
피엔티,EV/EBITDA,9.78,17.38,12.69,15.13,nan,nan
티씨케이,매출액,nan,2708.0,3196.0,2267.0,2030.0,nan
티씨케이,당기순이익,nan,819.0,941.0,612.0,533.0,nan
티씨케이,영업활동현금흐름,nan,787.0,873.0,210.0,429.0,nan
티씨케이,잉여현금흐름,nan,147.0,-90.0,-129.0,52.0,nan
티씨케이,부채비율,14.1,14.8,15.3,8.1,7.3,nan
티씨케이,유보율,4533.2,5716.1,7041.3,7750.5,8424.3,nan
티씨케이,ROE,24.7,26.9,24.9,14.0,14.9,nan
티씨케이,총자산회전율,0.8,0.8,0.7,0.5,0.5,nan
티씨케이,시가총액,14629.0,28359.0,17816.0,13590.0,16579.0,nan
티씨케이,PER,24.17,21.17,11.74,21.22,nan,nan
티씨케이,PBR,5.41,5.11,2.65,2.84,2.17,nan
티씨케이,EV/EBITDA,16.09,14.95,7.83,15.89,nan,nan
더블유게임즈,매출액,nan,6241.0,6173.0,5823.0,4777.0,nan
더블유게임즈,당기순이익,nan,1563.0,-2211.0,1929.0,1654.0,nan
더블유게임즈,영업활동현금흐름,nan,1895.0,1188.0,959.0,2018.0,nan
더블유게임즈,잉여현금흐름,nan,1238.0,1194.0,-26.0,1204.0,nan
더블유게임즈,부채비율,10.3,16.6,22.8,7.6,6.7,nan
더블유게임즈,유보율,7828.4,9615.7,8562.4,10084.0,9648.8,nan
더블유게임즈,ROE,16.9,16.5,-16.8,18.6,18.0,nan
더블유게임즈,총자산회전율,0.6,0.5,0.5,0.5,0.5,nan
더블유게임즈,시가총액,15012.0,13487.0,10878.0,9353.0,10812.0,nan
더블유게임즈,PER,9.83,8.49,nan,5.82,nan,nan
더블유게임즈,PBR,1.52,1.19,1.09,0.93,1.02,nan
더블유게임즈,EV/EBITDA,5.68,6.45,5.84,5.36,nan,nan
이오테크닉스,매출액,nan,3909.0,4472.0,3164.0,2302.0,nan
이오테크닉스,당기순이익,nan,724.0,772.0,364.0,261.0,nan
이오테크닉스,영업활동현금흐름,nan,16.0,927.0,316.0,264.0,nan
이오테크닉스,잉여현금흐름,nan,-85.0,658.0,415.0,-181.0,nan
이오테크닉스,부채비율,17.4,16.8,14.2,8.8,8.6,nan
이오테크닉스,유보율,6554.1,7756.5,8794.3,9176.6,9532.4,nan
이오테크닉스,ROE,5.4,16.3,15.1,6.7,6.2,nan
이오테크닉스,총자산회전율,0.7,0.8,0.8,0.5,0.5,nan
이오테크닉스,시가총액,15547.0,16619.0,15030.0,22298.0,33632.0,nan
이오테크닉스,PER,67.51,20.48,10.72,51.43,nan,nan
이오테크닉스,PBR,3.52,3.04,1.5,3.3,3.18,nan
이오테크닉스,EV/EBITDA,27.98,16.61,8.07,52.23,nan,nan
제이앤티씨,매출액,nan,2026.0,1613.0,3234.0,1924.0,nan
제이앤티씨,당기순이익,nan,-336.0,-588.0,177.0,173.0,nan
제이앤티씨,영업활동현금흐름,nan,253.0,129.0,-160.0,-34.0,nan
제이앤티씨,잉여현금흐름,nan,-1038.0,-403.0,-469.0,108.0,nan
제이앤티씨,부채비율,41.7,54.3,56.1,84.3,nan,76.0
제이앤티씨,유보율,1278.5,1231.8,1092.0,1162.2,nan,1262.1
제이앤티씨,ROE,17.4,-8.8,-16.6,5.1,nan,9.3
제이앤티씨,총자산회전율,0.7,0.4,0.3,0.6,nan,0.6
제이앤티씨,시가총액,8648.0,6942.0,4373.0,8724.0,nan,17673.0
제이앤티씨,PER,11.05,nan,nan,39.18,nan,nan
제이앤티씨,PBR,1.67,1.14,0.99,1.9,nan,4.49
제이앤티씨,EV/EBITDA,5.99,121.89,57.73,10.31,nan,nan
더블유씨피,매출액,nan,1855.0,2575.0,3050.0,2390.0,nan
더블유씨피,당기순이익,nan,-100.0,553.0,536.0,68.0,nan
더블유씨피,영업활동현금흐름,nan,857.0,337.0,1343.0,351.0,nan
더블유씨피,잉여현금흐름,nan,867.0,1898.0,-2052.0,-465.0,nan
더블유씨피,부채비율,220.3,55.3,15.4,35.8,nan,51.6
더블유씨피,유보율,4412.8,3185.5,5447.4,5837.8,nan,5988.6
더블유씨피,ROE,-17.5,-3.5,8.2,5.5,nan,1.3
더블유씨피,총자산회전율,0.2,0.3,0.3,0.3,nan,0.3
더블유씨피,시가총액,nan,nan,18331.0,28979.0,nan,16680.0
더블유씨피,PER,nan,nan,20.87,27.96,nan,nan
더블유씨피,PBR,nan,nan,1.45,1.5,nan,0.99
더블유씨피,EV/EBITDA,6.09,0.41,13.26,17.24,nan,nan
웹젠,매출액,nan,2848.0,2421.0,1963.0,1587.0,nan
웹젠,당기순이익,nan,869.0,724.0,576.0,446.0,nan
웹젠,영업활동현금흐름,nan,882.0,394.0,600.0,560.0,nan
웹젠,잉여현금흐름,nan,-149.0,-206.0,317.0,1508.0,nan
웹젠,부채비율,24.9,21.6,12.6,12.7,11.7,nan
웹젠,유보율,2677.4,3182.8,3625.3,3876.3,4084.7,nan
웹젠,ROE,21.8,18.5,13.5,9.7,9.3,nan
웹젠,총자산회전율,0.6,0.5,0.4,0.3,0.3,nan
웹젠,시가총액,13842.0,17090.0,10717.0,6797.0,6805.0,nan
웹젠,PER,14.17,11.75,7.44,9.94,nan,nan
웹젠,PBR,2.49,1.76,0.82,0.81,0.81,nan
웹젠,EV/EBITDA,10.75,9.5,6.15,10.15,nan,nan
월덱스,매출액,nan,1901.0,2559.0,2881.0,2277.0,nan
월덱스,당기순이익,nan,334.0,415.0,539.0,462.0,nan
월덱스,영업활동현금흐름,nan,262.0,223.0,829.0,201.0,nan
월덱스,잉여현금흐름,nan,-8.0,-73.0,681.0,-563.0,nan
월덱스,부채비율,56.5,47.7,40.8,31.0,28.2,nan
월덱스,유보율,1220.1,1640.1,2154.8,2801.2,3334.1,nan
월덱스,ROE,22.0,26.5,25.2,25.3,23.6,nan
월덱스,총자산회전율,1.0,1.0,1.1,1.0,0.9,nan
월덱스,시가총액,2906.0,5127.0,4796.0,4871.0,4466.0,nan
월덱스,PER,13.32,14.14,7.4,7.85,nan,nan
월덱스,PBR,2.67,3.29,1.65,1.76,1.16,nan
월덱스,EV/EBITDA,6.8,9.87,5.06,5.33,nan,nan
KG이니시스,매출액,nan,10120.0,11776.0,13448.0,7158.0,nan
KG이니시스,당기순이익,nan,621.0,704.0,971.0,430.0,nan
KG이니시스,영업활동현금흐름,nan,1349.0,540.0,-22.0,-543.0,nan
KG이니시스,잉여현금흐름,nan,666.0,-929.0,-830.0,252.0,nan
KG이니시스,부채비율,209.7,178.7,139.9,146.2,nan,145.3
KG이니시스,유보율,2239.9,2603.3,2912.3,3441.3,nan,3386.7
KG이니시스,ROE,15.2,14.4,15.1,17.7,nan,15.0
KG이니시스,총자산회전율,0.6,0.7,0.8,0.9,nan,0.8
KG이니시스,시가총액,7241.0,6390.0,6599.0,3862.0,nan,3700.0
KG이니시스,PER,13.25,11.02,5.7,4.32,nan,nan
KG이니시스,PBR,1.72,1.41,0.78,0.68,nan,0.63
KG이니시스,EV/EBITDA,6.27,4.71,3.8,4.22,nan,nan
펄어비스,매출액,nan,4038.0,3857.0,3335.0,1672.0,nan
펄어비스,당기순이익,nan,594.0,-430.0,152.0,219.0,nan
펄어비스,영업활동현금흐름,nan,644.0,476.0,324.0,67.0,nan
펄어비스,잉여현금흐름,nan,377.0,-830.0,771.0,-18.0,nan
펄어비스,부채비율,40.9,88.7,74.8,67.3,nan,63.5
펄어비스,유보율,10619.6,11698.5,11009.4,11370.8,nan,11887.1
펄어비스,ROE,16.5,8.8,-6.1,2.1,nan,5.9
펄어비스,총자산회전율,0.6,0.4,0.3,0.3,nan,0.3
펄어비스,시가총액,36624.0,93372.0,88737.0,37392.0,nan,29104.0
펄어비스,PER,33.73,154.13,nan,163.71,nan,nan
펄어비스,PBR,4.86,11.72,3.66,3.28,nan,3.57
펄어비스,EV/EBITDA,19.0,136.02,64.04,256.68,nan,nan
엘오티베큠,매출액,nan,2596.0,3742.0,4730.0,2021.0,nan
엘오티베큠,당기순이익,nan,207.0,221.0,503.0,26.0,nan
엘오티베큠,영업활동현금흐름,nan,235.0,72.0,830.0,18.0,nan
엘오티베큠,잉여현금흐름,nan,26.0,-103.0,498.0,1.0,nan
엘오티베큠,부채비율,40.5,36.4,53.0,41.5,31.0,nan
엘오티베큠,유보율,1903.0,2182.3,2445.9,2964.7,2957.6,nan
엘오티베큠,ROE,2.4,11.5,12.3,22.9,1.3,nan
엘오티베큠,총자산회전율,0.8,1.1,1.3,1.4,0.8,nan
엘오티베큠,시가총액,3142.0,3233.0,3010.0,6055.0,4185.0,nan
엘오티베큠,PER,86.13,15.22,8.17,6.71,nan,nan
엘오티베큠,PBR,1.9,1.51,0.89,1.31,0.7,nan
엘오티베큠,EV/EBITDA,24.43,9.06,5.3,4.73,nan,nan
롯데이노베이트,매출액,nan,9300.0,10477.0,11967.0,8511.0,nan
롯데이노베이트,당기순이익,nan,347.0,284.0,407.0,115.0,nan
롯데이노베이트,영업활동현금흐름,nan,873.0,144.0,1129.0,275.0,nan
롯데이노베이트,잉여현금흐름,nan,494.0,-637.0,341.0,-230.0,nan
롯데이노베이트,부채비율,57.1,73.1,92.1,109.3,98.4,nan
롯데이노베이트,유보율,453.5,479.3,468.5,458.5,444.9,nan
롯데이노베이트,ROE,7.4,8.2,7.1,10.0,4.9,nan
롯데이노베이트,총자산회전율,1.3,1.3,1.3,1.3,1.2,nan
롯데이노베이트,시가총액,6382.0,6782.0,6382.0,4850.0,8145.0,nan
롯데이노베이트,PER,20.69,16.06,11.87,10.74,nan,nan
롯데이노베이트,PBR,1.45,1.25,0.83,1.05,0.89,nan
롯데이노베이트,EV/EBITDA,8.09,6.82,5.16,4.8,nan,nan
두산테스나,매출액,nan,2076.0,2777.0,3387.0,1916.0,nan
두산테스나,당기순이익,nan,472.0,523.0,491.0,304.0,nan
두산테스나,영업활동현금흐름,nan,1341.0,1682.0,2105.0,993.0,nan
두산테스나,잉여현금흐름,nan,181.0,45.0,338.0,-323.0,nan
두산테스나,부채비율,103.8,103.3,147.6,89.1,nan,96.1
두산테스나,유보율,2529.5,2981.3,3536.5,4084.5,nan,4363.8
두산테스나,ROE,19.2,19.4,18.3,13.8,nan,14.6
두산테스나,총자산회전율,0.3,0.4,0.4,0.4,nan,0.5
두산테스나,시가총액,8295.0,8383.0,7557.0,10119.0,nan,10323.0
두산테스나,PER,25.79,18.09,8.98,20.64,nan,nan
두산테스나,PBR,4.27,3.24,1.51,2.8,nan,1.68
두산테스나,EV/EBITDA,11.59,6.31,3.6,5.39,nan,nan
쏠리드,매출액,nan,2123.0,2798.0,3214.0,2410.0,nan
쏠리드,당기순이익,nan,237.0,298.0,409.0,315.0,nan
쏠리드,영업활동현금흐름,nan,-340.0,151.0,548.0,365.0,nan
쏠리드,잉여현금흐름,nan,-72.0,168.0,-90.0,190.0,nan
쏠리드,부채비율,151.8,89.1,89.8,67.5,57.3,nan
쏠리드,유보율,335.2,546.6,655.7,798.4,891.5,nan
쏠리드,ROE,-9.9,15.6,14.1,16.3,14.6,nan
쏠리드,총자산회전율,0.6,0.7,0.7,0.7,0.7,nan
쏠리드,시가총액,7045.0,6053.0,4224.0,4304.0,4334.0,nan
쏠리드,PER,nan,16.04,11.9,9.08,nan,nan
쏠리드,PBR,5.16,2.03,1.53,1.35,0.92,nan
쏠리드,EV/EBITDA,nan,33.15,9.7,8.44,nan,nan
컴투스,매출액,nan,5587.0,6773.0,7396.0,3308.0,nan
컴투스,당기순이익,nan,1215.0,-93.0,421.0,46.0,nan
컴투스,영업활동현금흐름,nan,902.0,-110.0,-92.0,-216.0,nan
컴투스,잉여현금흐름,nan,1943.0,-797.0,-298.0,-232.0,nan
컴투스,부채비율,7.4,31.6,43.5,38.8,nan,43.8
컴투스,유보율,16236.0,19658.5,19131.9,19076.6,nan,19240.9
컴투스,ROE,8.5,12.1,2.9,3.5,nan,2.7
컴투스,총자산회전율,0.5,0.4,0.4,0.4,nan,0.4
컴투스,시가총액,20573.0,22851.0,20380.0,9933.0,nan,6140.0
컴투스,PER,25.5,15.72,22.98,15.92,nan,nan
컴투스,PBR,1.95,1.6,0.62,0.51,nan,0.39
컴투스,EV/EBITDA,16.71,34.23,51.31,nan,nan,nan
피에스케이,매출액,nan,4458.0,4609.0,3519.0,2929.0,nan
피에스케이,당기순이익,nan,767.0,774.0,525.0,637.0,nan
피에스케이,영업활동현금흐름,nan,1146.0,463.0,503.0,621.0,nan
피에스케이,잉여현금흐름,nan,267.0,-82.0,98.0,185.0,nan
피에스케이,부채비율,23.6,43.0,33.8,25.9,24.1,nan
피에스케이,유보율,2863.0,3872.6,2315.9,2584.4,2991.8,nan
피에스케이,ROE,11.0,30.3,24.1,14.1,20.1,nan
피에스케이,총자산회전율,1.1,1.3,1.0,0.7,0.7,nan
피에스케이,시가총액,6312.0,7870.0,7796.0,6764.0,11181.0,nan
피에스케이,PER,26.9,10.16,5.82,11.61,nan,nan
피에스케이,PBR,2.74,2.66,1.26,1.55,1.46,nan
피에스케이,EV/EBITDA,16.62,7.85,4.57,10.12,nan,nan
NHN,매출액,nan,19237.0,21149.0,22696.0,18122.0,nan
NHN,당기순이익,nan,1297.0,-318.0,-231.0,-1105.0,nan
NHN,영업활동현금흐름,nan,2264.0,259.0,1653.0,-506.0,nan
NHN,잉여현금흐름,nan,603.0,385.0,1399.0,-1263.0,nan
NHN,부채비율,38.3,44.3,51.8,73.4,75.3,nan
NHN,유보율,16905.1,19800.8,9357.0,8886.1,8196.1,nan
NHN,ROE,1.4,6.8,-1.8,-0.5,-5.9,nan
NHN,총자산회전율,0.7,0.7,0.7,0.7,0.7,nan
NHN,시가총액,18763.0,19448.0,16300.0,10661.0,10044.0,nan
NHN,PER,68.08,14.45,nan,nan,nan,nan
NHN,PBR,0.88,0.87,0.51,0.48,0.37,nan
NHN,EV/EBITDA,11.24,11.4,10.15,7.85,nan,nan
네오위즈,매출액,nan,2612.0,2946.0,3656.0,1841.0,nan
네오위즈,당기순이익,nan,567.0,132.0,464.0,220.0,nan
네오위즈,영업활동현금흐름,nan,287.0,432.0,647.0,207.0,nan
네오위즈,잉여현금흐름,nan,-584.0,-180.0,409.0,-38.0,nan
네오위즈,부채비율,21.2,22.6,22.1,27.3,nan,20.1
네오위즈,유보율,3543.6,4267.6,4340.4,4796.9,nan,4991.9
네오위즈,ROE,17.0,13.4,2.9,10.4,nan,10.3
네오위즈,총자산회전율,0.7,0.5,0.5,0.6,nan,0.6
네오위즈,시가총액,7133.0,9001.0,9133.0,11149.0,nan,6015.0
네오위즈,PER,8.17,14.01,62.3,12.06,nan,nan
네오위즈,PBR,1.23,1.65,1.66,1.09,nan,0.8
네오위즈,EV/EBITDA,7.26,24.16,21.46,12.42,nan,nan
이녹스첨단소재,매출액,nan,4873.0,4894.0,3870.0,2179.0,nan
이녹스첨단소재,당기순이익,nan,802.0,854.0,328.0,335.0,nan
이녹스첨단소재,영업활동현금흐름,nan,608.0,925.0,882.0,456.0,nan
이녹스첨단소재,잉여현금흐름,nan,518.0,62.0,208.0,1035.0,nan
이녹스첨단소재,부채비율,57.4,46.0,22.0,40.8,nan,72.8
이녹스첨단소재,유보율,4501.8,3042.3,3874.1,4113.9,nan,4491.5
이녹스첨단소재,ROE,13.2,31.4,24.8,8.3,nan,15.9
이녹스첨단소재,총자산회전율,1.0,1.3,1.1,0.8,nan,0.7
이녹스첨단소재,시가총액,5160.0,9251.0,11176.0,9747.0,nan,8273.0
이녹스첨단소재,PER,17.67,11.28,7.11,19.7,nan,nan
이녹스첨단소재,PBR,2.04,2.94,1.52,1.52,nan,1.78
이녹스첨단소재,EV/EBITDA,7.47,7.91,5.17,10.17,nan,nan
더존비즈온,매출액,nan,3187.0,3043.0,3536.0,1938.0,nan
더존비즈온,당기순이익,nan,544.0,231.0,343.0,473.0,nan
더존비즈온,영업활동현금흐름,nan,607.0,773.0,1012.0,486.0,nan
더존비즈온,잉여현금흐름,nan,-217.0,127.0,0.0,150.0,nan
더존비즈온,부채비율,102.0,79.4,89.9,98.4,nan,87.8
더존비즈온,유보율,2605.6,3041.6,3137.3,3253.1,nan,3669.8
더존비즈온,ROE,15.1,12.1,5.2,8.2,nan,11.5
더존비즈온,총자산회전율,0.4,0.4,0.4,0.4,nan,0.4
더존비즈온,시가총액,37536.0,35087.0,22301.0,16072.0,nan,23061.0
더존비즈온,PER,57.59,42.77,48.7,25.92,nan,nan
더존비즈온,PBR,7.69,4.65,2.28,1.73,nan,3.86
더존비즈온,EV/EBITDA,32.25,23.47,17.03,10.52,nan,nan
NHN KCP,매출액,nan,7454.0,8228.0,9720.0,5441.0,nan
NHN KCP,당기순이익,nan,303.0,349.0,352.0,241.0,nan
NHN KCP,영업활동현금흐름,nan,683.0,414.0,634.0,-421.0,nan
NHN KCP,잉여현금흐름,nan,205.0,194.0,434.0,-701.0,nan
NHN KCP,부채비율,143.1,152.4,135.8,133.4,nan,105.5
NHN KCP,유보율,1402.3,1027.3,1090.5,1215.7,nan,1297.0
NHN KCP,ROE,21.4,19.2,19.4,16.7,nan,20.8
NHN KCP,총자산회전율,1.8,1.9,1.9,2.0,nan,2.1
NHN KCP,시가총액,16884.0,17152.0,11988.0,6229.0,nan,5743.0
NHN KCP,PER,56.04,40.06,15.41,11.7,nan,nan
NHN KCP,PBR,9.75,6.0,2.25,1.56,nan,1.33
NHN KCP,EV/EBITDA,36.5,25.14,10.96,8.8,nan,nan
이수페타시스,매출액,nan,4696.0,6429.0,6753.0,6108.0,nan
이수페타시스,당기순이익,nan,-36.0,1025.0,477.0,541.0,nan
이수페타시스,영업활동현금흐름,nan,40.0,298.0,525.0,932.0,nan
이수페타시스,잉여현금흐름,nan,435.0,3.0,14.0,241.0,nan
이수페타시스,부채비율,498.1,258.3,145.6,134.8,113.7,nan
이수페타시스,유보율,57.8,98.4,251.5,321.8,391.1,nan
이수페타시스,ROE,-19.1,-3.8,58.9,19.5,25.0,nan
이수페타시스,총자산회전율,1.0,1.1,1.3,1.2,1.3,nan
이수페타시스,시가총액,2373.0,4623.0,5420.0,26469.0,37126.0,nan
이수페타시스,PER,nan,nan,3.47,39.03,nan,nan
이수페타시스,PBR,2.52,3.68,1.6,6.98,7.44,nan
이수페타시스,EV/EBITDA,10.82,9.48,3.91,26.35,nan,nan
비츠로셀,매출액,nan,1133.0,1410.0,1762.0,1405.0,nan
비츠로셀,당기순이익,nan,170.0,231.0,361.0,327.0,nan
비츠로셀,영업활동현금흐름,nan,252.0,265.0,388.0,292.0,nan
비츠로셀,잉여현금흐름,nan,-194.0,281.0,-101.0,-30.0,nan
비츠로셀,부채비율,20.8,23.7,27.7,10.6,11.2,nan
비츠로셀,유보율,1347.1,1481.1,1671.7,2012.7,2263.2,nan
비츠로셀,ROE,9.5,10.6,13.1,17.3,17.6,nan
비츠로셀,총자산회전율,0.6,0.6,0.6,0.7,0.7,nan
비츠로셀,시가총액,4286.0,3769.0,3360.0,5193.0,5030.0,nan
비츠로셀,PER,25.15,18.16,11.88,10.21,nan,nan
비츠로셀,PBR,2.28,1.82,1.44,1.54,1.58,nan
비츠로셀,EV/EBITDA,12.74,11.12,6.94,7.54,nan,nan
성일하이텍,매출액,nan,1473.0,2699.0,2474.0,702.0,nan
성일하이텍,당기순이익,nan,-88.0,391.0,252.0,-318.0,nan
성일하이텍,영업활동현금흐름,nan,123.0,428.0,-36.0,-230.0,nan
성일하이텍,잉여현금흐름,nan,105.0,835.0,-714.0,129.0,nan
성일하이텍,부채비율,734.0,82.7,44.4,77.4,nan,133.5
성일하이텍,유보율,496.3,2347.6,4784.3,5035.0,nan,4487.1
성일하이텍,ROE,-16.2,-13.9,19.6,8.3,nan,-21.5
성일하이텍,총자산회전율,0.5,0.9,0.9,0.5,nan,0.2
성일하이텍,시가총액,nan,nan,19406.0,21832.0,nan,12897.0
성일하이텍,PER,nan,nan,26.96,52.77,nan,nan
성일하이텍,PBR,nan,nan,4.16,4.25,nan,3.32
성일하이텍,EV/EBITDA,nan,1.52,20.89,266.08,nan,nan
덕산네오룩스,매출액,nan,1914.0,1767.0,1637.0,1601.0,nan
덕산네오룩스,당기순이익,nan,468.0,389.0,358.0,292.0,nan
덕산네오룩스,영업활동현금흐름,nan,445.0,489.0,500.0,363.0,nan
덕산네오룩스,잉여현금흐름,nan,828.0,32.0,-929.0,47.0,nan
덕산네오룩스,부채비율,14.6,17.3,12.9,14.5,14.9,nan
덕산네오룩스,유보율,3917.0,5682.0,6483.1,7213.0,7806.7,nan
덕산네오룩스,ROE,18.9,19.5,12.8,10.6,10.6,nan
덕산네오룩스,총자산회전율,0.7,0.7,0.5,0.4,0.5,nan
덕산네오룩스,시가총액,9352.0,17287.0,14253.0,12440.0,11236.0,nan
덕산네오룩스,PER,25.09,28.94,24.95,30.86,nan,nan
덕산네오룩스,PBR,4.34,4.87,2.97,3.04,1.99,nan
덕산네오룩스,EV/EBITDA,18.55,24.37,18.38,26.52,nan,nan
안랩,매출액,nan,2073.0,2280.0,2392.0,1779.0,nan
안랩,당기순이익,nan,420.0,142.0,347.0,148.0,nan
안랩,영업활동현금흐름,nan,319.0,335.0,391.0,168.0,nan
안랩,잉여현금흐름,nan,136.0,15.0,-37.0,362.0,nan
안랩,부채비율,29.2,32.8,33.0,31.9,23.6,nan
안랩,유보율,4485.1,5148.4,5238.0,5743.6,6559.9,nan
안랩,ROE,8.8,18.0,5.6,13.3,6.7,nan
안랩,총자산회전율,0.7,0.7,0.7,0.7,0.6,nan
안랩,시가총액,8111.0,10304.0,17604.0,9703.0,7450.0,nan
안랩,PER,41.1,23.49,47.14,19.26,nan,nan
안랩,PBR,3.21,3.64,2.41,2.28,1.57,nan
안랩,EV/EBITDA,26.84,31.8,18.85,19.81,nan,nan
하나머티리얼즈,매출액,nan,2711.0,3073.0,2336.0,1191.0,nan
하나머티리얼즈,당기순이익,nan,667.0,801.0,342.0,111.0,nan
하나머티리얼즈,영업활동현금흐름,nan,966.0,826.0,442.0,309.0,nan
하나머티리얼즈,잉여현금흐름,nan,3.0,-151.0,9.0,63.0,nan
하나머티리얼즈,부채비율,87.5,72.7,61.2,68.3,nan,70.5
하나머티리얼즈,유보율,1852.2,2539.6,2954.5,3988.5,nan,3735.3
하나머티리얼즈,ROE,22.8,30.0,28.9,9.8,nan,5.7
하나머티리얼즈,총자산회전율,0.6,0.7,0.7,0.4,nan,0.4
하나머티리얼즈,시가총액,5614.0,12553.0,13076.0,10429.0,nan,12935.0
하나머티리얼즈,PER,14.75,18.54,8.06,29.0,nan,nan
하나머티리얼즈,PBR,2.93,4.76,2.14,2.46,nan,3.41
하나머티리얼즈,EV/EBITDA,8.95,11.3,5.67,15.44,nan,nan
주성엔지니어링,매출액,nan,3773.0,4379.0,2847.0,1539.0,nan
주성엔지니어링,당기순이익,nan,1455.0,1062.0,340.0,492.0,nan
주성엔지니어링,영업활동현금흐름,nan,1107.0,1010.0,9.0,1143.0,nan
주성엔지니어링,잉여현금흐름,nan,996.0,42.0,-105.0,965.0,nan
주성엔지니어링,부채비율,141.5,92.6,71.9,56.4,nan,68.8
주성엔지니어링,유보율,842.6,1432.2,1939.9,2103.3,nan,2297.7
주성엔지니어링,ROE,-3.5,48.7,24.9,6.8,nan,18.3
주성엔지니어링,총자산회전율,0.2,0.6,0.6,0.4,nan,0.4
주성엔지니어링,시가총액,4275.0,10470.0,13293.0,17780.0,nan,19300.0
주성엔지니어링,PER,nan,6.96,4.82,48.53,nan,nan
주성엔지니어링,PBR,1.74,2.74,1.04,3.1,nan,3.12
주성엔지니어링,EV/EBITDA,nan,8.59,3.62,34.05,nan,nan
파트론,매출액,nan,13127.0,12219.0,11724.0,7407.0,nan
파트론,당기순이익,nan,783.0,429.0,302.0,310.0,nan
파트론,영업활동현금흐름,nan,1641.0,675.0,905.0,106.0,nan
파트론,잉여현금흐름,nan,711.0,-254.0,-231.0,-268.0,nan
파트론,부채비율,52.2,41.5,36.8,28.8,nan,42.3
파트론,유보율,1305.5,1549.6,1640.3,1672.2,nan,1747.3
파트론,ROE,6.2,17.9,8.3,6.1,nan,12.6
파트론,총자산회전율,2.1,2.0,1.8,1.8,nan,2.1
파트론,시가총액,7257.0,7311.0,7630.0,5538.0,nan,5008.0
파트론,PER,27.74,9.97,12.39,16.63,nan,nan
파트론,PBR,1.59,1.61,0.93,0.92,nan,0.84
파트론,EV/EBITDA,7.81,5.71,4.46,5.34,nan,nan
코미코,매출액,nan,2570.0,2884.0,3073.0,2516.0,nan
코미코,당기순이익,nan,472.0,420.0,455.0,420.0,nan
코미코,영업활동현금흐름,nan,653.0,787.0,652.0,702.0,nan
코미코,잉여현금흐름,nan,27.0,-280.0,664.0,-49.0,nan
코미코,부채비율,86.0,69.4,50.5,106.2,nan,95.2
코미코,유보율,3310.1,4349.5,5101.0,3969.4,nan,4471.5
코미코,ROE,17.0,24.1,17.5,13.5,nan,20.2
코미코,총자산회전율,0.7,0.7,0.8,0.6,nan,0.8
코미코,시가총액,4989.0,8557.0,6724.0,6799.0,nan,10147.0
코미코,PER,19.65,14.26,10.29,21.01,nan,nan
코미코,PBR,2.93,3.02,1.66,3.17,nan,3.51
코미코,EV/EBITDA,8.99,8.38,5.16,11.55,nan,nan
기가비스,매출액,nan,440.0,997.0,914.0,153.0,nan
기가비스,당기순이익,nan,144.0,278.0,327.0,12.0,nan
기가비스,영업활동현금흐름,nan,100.0,358.0,131.0,57.0,nan
기가비스,잉여현금흐름,nan,-35.0,135.0,134.0,-17.0,nan
기가비스,부채비율,16.0,19.0,40.9,6.2,nan,12.7
기가비스,유보율,52644.8,61077.4,4631.8,8286.7,nan,7932.2
기가비스,ROE,nan,25.4,34.4,20.9,nan,1.1
기가비스,총자산회전율,nan,0.7,0.9,0.5,nan,0.1
기가비스,시가총액,nan,nan,nan,13284.0,nan,10267.0
기가비스,PER,nan,nan,nan,26.87,nan,nan
기가비스,PBR,nan,nan,nan,4.4,nan,3.29
기가비스,EV/EBITDA,0.0,0.0,0.0,26.19,nan,nan
케이씨텍,매출액,nan,3445.0,3782.0,2869.0,2405.0,nan
케이씨텍,당기순이익,nan,419.0,554.0,317.0,263.0,nan
케이씨텍,영업활동현금흐름,nan,411.0,555.0,266.0,551.0,nan
케이씨텍,잉여현금흐름,nan,222.0,-286.0,375.0,508.0,nan
케이씨텍,부채비율,17.1,17.6,13.5,10.5,10.6,nan
케이씨텍,유보율,3235.5,3593.6,4080.6,4335.9,4553.9,nan
케이씨텍,ROE,13.4,11.5,13.7,7.2,7.6,nan
케이씨텍,총자산회전율,0.9,0.8,0.8,0.6,0.6,nan
케이씨텍,시가총액,6415.0,6874.0,5069.0,5653.0,11787.0,nan
케이씨텍,PER,14.41,11.96,5.57,17.64,nan,nan
케이씨텍,PBR,1.84,1.3,0.71,1.21,1.53,nan
케이씨텍,EV/EBITDA,9.31,7.53,4.08,11.67,nan,nan
넥스틴,매출액,nan,571.0,1149.0,879.0,830.0,nan
넥스틴,당기순이익,nan,181.0,434.0,309.0,253.0,nan
넥스틴,영업활동현금흐름,nan,104.0,511.0,4.0,290.0,nan
넥스틴,잉여현금흐름,nan,4.0,377.0,-421.0,220.0,nan
넥스틴,부채비율,18.2,15.8,21.6,12.6,20.8,nan
넥스틴,유보율,2804.5,1255.6,2004.5,2471.2,2849.1,nan
넥스틴,ROE,62.2,32.4,52.5,27.3,24.6,nan
넥스틴,총자산회전율,1.4,0.9,1.2,0.7,0.7,nan
넥스틴,시가총액,5346.0,7794.0,7291.0,9198.0,7832.0,nan
넥스틴,PER,32.56,31.9,11.27,22.68,nan,nan
넥스틴,PBR,11.66,8.88,4.74,5.4,3.56,nan
넥스틴,EV/EBITDA,25.66,24.07,8.5,18.1,nan,nan
KH바텍,매출액,nan,3398.0,3361.0,3636.0,1565.0,nan
KH바텍,당기순이익,nan,331.0,250.0,309.0,128.0,nan
KH바텍,영업활동현금흐름,nan,754.0,388.0,373.0,-9.0,nan
KH바텍,잉여현금흐름,nan,473.0,-364.0,-39.0,-105.0,nan
KH바텍,부채비율,68.3,76.3,50.3,38.7,nan,65.1
KH바텍,유보율,1510.6,1862.4,1968.5,2168.4,nan,2235.8
KH바텍,ROE,-7.6,17.0,11.1,12.9,nan,10.1
KH바텍,총자산회전율,0.6,1.0,0.9,1.1,nan,0.8
KH바텍,시가총액,6018.0,7398.0,6334.0,5114.0,nan,3824.0
KH바텍,PER,nan,18.92,13.26,11.24,nan,nan
KH바텍,PBR,2.53,2.72,1.34,1.3,nan,1.18
KH바텍,EV/EBITDA,28.57,15.08,6.11,6.83,nan,nan
유진테크,매출액,nan,3246.0,3106.0,2765.0,1461.0,nan
유진테크,당기순이익,nan,632.0,426.0,254.0,187.0,nan
유진테크,영업활동현금흐름,nan,725.0,389.0,477.0,199.0,nan
유진테크,잉여현금흐름,nan,71.0,139.0,-26.0,-97.0,nan
유진테크,부채비율,18.1,23.2,25.2,18.6,nan,23.9
유진테크,유보율,2018.3,2523.5,2843.6,3022.4,nan,3151.3
유진테크,ROE,1.5,22.9,12.3,7.3,nan,10.2
유진테크,총자산회전율,0.7,1.0,0.8,0.6,nan,0.6
유진테크,시가총액,7860.0,12558.0,12283.0,10610.0,nan,13200.0
유진테크,PER,219.26,19.62,13.38,38.26,nan,nan
유진테크,PBR,3.15,3.94,1.5,2.61,nan,3.05
유진테크,EV/EBITDA,23.49,13.92,7.68,22.22,nan,nan
씨아이에스,매출액,nan,1327.0,1594.0,3102.0,2289.0,nan
씨아이에스,당기순이익,nan,-246.0,115.0,286.0,352.0,nan
씨아이에스,영업활동현금흐름,nan,-308.0,552.0,-716.0,-63.0,nan
씨아이에스,잉여현금흐름,nan,-114.0,449.0,-237.0,-71.0,nan
씨아이에스,부채비율,262.8,174.6,217.1,124.8,nan,100.7
씨아이에스,유보율,1021.4,1753.8,2121.1,3646.9,nan,4257.9
씨아이에스,ROE,-7.7,-27.6,9.3,14.4,nan,24.5
씨아이에스,총자산회전율,0.6,0.5,0.4,0.6,nan,0.8
씨아이에스,시가총액,5807.0,12303.0,10967.0,9948.0,nan,10426.0
씨아이에스,PER,nan,nan,47.64,25.49,nan,nan
씨아이에스,PBR,8.41,7.77,4.05,2.94,nan,2.49
씨아이에스,EV/EBITDA,37.08,51.69,62.94,18.75,nan,nan
동운아나텍,매출액,nan,507.0,501.0,1115.0,1073.0,nan
동운아나텍,당기순이익,nan,-149.0,-84.0,262.0,169.0,nan
동운아나텍,영업활동현금흐름,nan,-94.0,6.0,236.0,215.0,nan
동운아나텍,잉여현금흐름,nan,-82.0,43.0,96.0,22.0,nan
동운아나텍,부채비율,135.0,209.6,198.0,42.3,35.3,nan
동운아나텍,유보율,455.6,261.2,216.8,542.0,712.4,nan
동운아나텍,ROE,2.9,-59.1,-40.5,64.1,33.5,nan
동운아나텍,총자산회전율,1.1,0.8,0.8,1.5,1.5,nan
동운아나텍,시가총액,2130.0,2130.0,2083.0,8954.0,4738.0,nan
동운아나텍,PER,267.84,nan,nan,14.88,nan,nan
동운아나텍,PBR,4.86,4.87,6.24,6.54,4.75,nan
동운아나텍,EV/EBITDA,57.3,nan,nan,14.41,nan,nan
디어유,매출액,nan,400.0,492.0,757.0,394.0,nan
디어유,당기순이익,nan,-252.0,164.0,262.0,158.0,nan
디어유,영업활동현금흐름,nan,81.0,210.0,128.0,113.0,nan
디어유,잉여현금흐름,nan,243.0,581.0,-251.0,129.0,nan
디어유,부채비율,nan,8.1,8.0,12.5,nan,11.1
디어유,유보율,nan,1024.6,1097.6,1328.2,nan,1470.1
디어유,ROE,nan,-41.6,12.4,16.9,nan,17.8
디어유,총자산회전율,1.1,0.5,0.3,0.4,nan,0.4
디어유,시가총액,nan,18681.0,17780.0,12136.0,nan,9021.0
디어유,PER,nan,nan,39.35,29.07,nan,nan
디어유,PBR,nan,14.57,4.81,4.5,nan,3.27
디어유,EV/EBITDA,37.26,132.11,40.4,24.98,nan,nan
파크시스템스,매출액,nan,853.0,1245.0,1448.0,704.0,nan
파크시스템스,당기순이익,nan,91.0,280.0,246.0,161.0,nan
파크시스템스,영업활동현금흐름,nan,108.0,276.0,313.0,147.0,nan
파크시스템스,잉여현금흐름,nan,46.0,45.0,249.0,66.0,nan
파크시스템스,부채비율,96.7,48.6,39.8,40.6,nan,46.6
파크시스템스,유보율,1514.8,2535.6,3403.7,4084.3,nan,4475.4
파크시스템스,ROE,20.4,12.7,26.7,18.7,nan,21.4
파크시스템스,총자산회전율,0.9,0.7,0.8,0.8,nan,0.7
파크시스템스,시가총액,6302.0,10830.0,10382.0,14066.0,nan,13382.0
파크시스템스,PER,63.28,116.05,28.26,49.15,nan,nan
파크시스템스,PBR,11.7,11.61,6.5,8.29,nan,8.17
파크시스템스,EV/EBITDA,35.08,50.63,21.76,37.49,nan,nan
에스앤에스텍,매출액,nan,988.0,1235.0,1503.0,1308.0,nan
에스앤에스텍,당기순이익,nan,115.0,175.0,259.0,237.0,nan
에스앤에스텍,영업활동현금흐름,nan,126.0,249.0,256.0,282.0,nan
에스앤에스텍,잉여현금흐름,nan,213.0,-53.0,127.0,100.0,nan
에스앤에스텍,부채비율,13.1,13.2,19.1,16.3,20.0,nan
에스앤에스텍,유보율,1454.7,1547.5,1696.4,1973.0,2188.4,nan
에스앤에스텍,ROE,8.7,6.8,9.6,12.6,13.7,nan
에스앤에스텍,총자산회전율,0.5,0.5,0.6,0.6,0.6,nan
에스앤에스텍,시가총액,10243.0,9642.0,7873.0,13321.0,10404.0,nan
에스앤에스텍,PER,80.65,68.65,32.37,37.58,nan,nan
에스앤에스텍,PBR,5.6,4.47,2.93,4.37,2.26,nan
에스앤에스텍,EV/EBITDA,47.4,36.45,21.61,25.93,nan,nan
제우스,매출액,nan,4008.0,5090.0,4029.0,3440.0,nan
제우스,당기순이익,nan,163.0,352.0,100.0,247.0,nan
제우스,영업활동현금흐름,nan,311.0,81.0,-392.0,590.0,nan
제우스,잉여현금흐름,nan,138.0,225.0,-102.0,172.0,nan
제우스,부채비율,82.8,111.6,119.3,81.2,79.6,nan
제우스,유보율,4534.6,4731.8,5286.0,5762.2,2010.8,nan
제우스,ROE,7.8,6.6,13.4,3.4,9.9,nan
제우스,총자산회전율,0.9,0.8,0.9,0.7,0.7,nan
제우스,시가총액,3011.0,3390.0,3416.0,5831.0,7041.0,nan
제우스,PER,16.67,15.23,7.63,48.8,nan,nan
제우스,PBR,1.25,0.97,0.96,1.59,1.27,nan
제우스,EV/EBITDA,13.57,7.66,5.18,27.28,nan,nan
윤성에프앤씨,매출액,nan,759.0,2103.0,3129.0,1587.0,nan
윤성에프앤씨,당기순이익,nan,-29.0,248.0,245.0,219.0,nan
윤성에프앤씨,영업활동현금흐름,nan,-209.0,-78.0,-52.0,333.0,nan
윤성에프앤씨,잉여현금흐름,nan,-75.0,489.0,49.0,-209.0,nan
윤성에프앤씨,부채비율,190.9,357.3,101.5,114.6,nan,82.9
윤성에프앤씨,유보율,9647.1,5058.3,17164.4,20101.6,nan,22704.0
윤성에프앤씨,ROE,58.5,-9.5,29.1,16.4,nan,25.5
윤성에프앤씨,총자산회전율,1.5,0.7,1.0,1.0,nan,0.9
윤성에프앤씨,시가총액,nan,nan,4085.0,20546.0,nan,8633.0
윤성에프앤씨,PER,nan,nan,11.72,36.77,nan,nan
윤성에프앤씨,PBR,nan,nan,2.57,5.59,nan,3.05
윤성에프앤씨,EV/EBITDA,1.15,nan,10.33,30.45,nan,nan
대덕전자,매출액,nan,10009.0,13162.0,9097.0,6857.0,nan
대덕전자,당기순이익,nan,630.0,1839.0,254.0,194.0,nan
대덕전자,영업활동현금흐름,nan,2038.0,2936.0,1807.0,893.0,nan
대덕전자,잉여현금흐름,nan,539.0,470.0,-457.0,-344.0,nan
대덕전자,부채비율,26.9,38.0,39.4,29.9,25.7,nan
대덕전자,유보율,2376.2,2547.5,3219.5,3271.4,3287.7,nan
대덕전자,ROE,nan,9.6,23.9,3.0,3.0,nan
대덕전자,총자산회전율,nan,1.1,1.2,0.8,0.8,nan
대덕전자,시가총액,7089.0,12625.0,16868.0,19242.0,14345.0,nan
대덕전자,PER,nan,20.35,5.29,54.91,nan,nan
대덕전자,PBR,1.02,1.88,1.14,1.6,1.11,nan
대덕전자,EV/EBITDA,9.77,7.28,2.83,9.79,nan,nan
에스티아이,매출액,nan,3195.0,4224.0,3195.0,2023.0,nan
에스티아이,당기순이익,nan,232.0,298.0,241.0,98.0,nan
에스티아이,영업활동현금흐름,nan,-597.0,715.0,292.0,185.0,nan
에스티아이,잉여현금흐름,nan,0.0,-98.0,17.0,-103.0,nan
에스티아이,부채비율,41.2,72.6,50.0,33.0,28.1,nan
에스티아이,유보율,2222.3,2501.1,2845.5,3095.5,3182.1,nan
에스티아이,ROE,6.4,12.6,14.4,10.5,5.4,nan
에스티아이,총자산회전율,1.1,1.1,1.3,1.0,0.9,nan
에스티아이,시가총액,3498.0,3372.0,3427.0,5841.0,6649.0,nan
에스티아이,PER,26.26,14.47,6.34,19.43,nan,nan
에스티아이,PBR,1.56,1.63,0.81,1.85,1.3,nan
에스티아이,EV/EBITDA,14.27,11.28,4.81,16.69,nan,nan
솔루엠,매출액,nan,11533.0,16945.0,19511.0,12510.0,nan
솔루엠,당기순이익,nan,133.0,454.0,1194.0,382.0,nan
솔루엠,영업활동현금흐름,nan,-1789.0,409.0,3369.0,-490.0,nan
솔루엠,잉여현금흐름,nan,-235.0,532.0,171.0,-606.0,nan
솔루엠,부채비율,289.4,165.0,256.7,134.7,121.2,nan
솔루엠,유보율,484.4,978.2,1154.5,1591.4,1729.7,nan
솔루엠,ROE,43.3,6.9,16.9,34.8,12.7,nan
솔루엠,총자산회전율,2.7,2.0,1.9,2.0,1.8,nan
솔루엠,시가총액,nan,16162.0,13301.0,16052.0,15302.0,nan
솔루엠,PER,nan,82.71,18.39,11.34,nan,nan
솔루엠,PBR,nan,4.16,2.77,3.23,2.22,nan
솔루엠,EV/EBITDA,1.0,24.68,9.96,7.57,nan,nan
고영,매출액,nan,2473.0,2754.0,2256.0,1055.0,nan
고영,당기순이익,nan,396.0,393.0,219.0,146.0,nan
고영,영업활동현금흐름,nan,425.0,293.0,295.0,182.0,nan
고영,잉여현금흐름,nan,231.0,-171.0,-218.0,80.0,nan
고영,부채비율,23.0,31.4,28.4,20.3,nan,19.1
고영,유보율,3692.1,4192.3,4693.0,4946.7,nan,5038.9
고영,ROE,3.7,15.0,13.4,7.2,nan,9.4
고영,총자산회전율,0.6,0.7,0.7,0.6,nan,0.6
고영,시가총액,15598.0,20287.0,16340.0,12612.0,nan,15035.0
고영,PER,157.37,41.1,22.28,51.82,nan,nan
고영,PBR,5.54,5.52,2.66,3.28,nan,2.46
고영,EV/EBITDA,52.54,30.12,15.54,34.69,nan,nan
티이엠씨,매출액,nan,902.0,3517.0,2008.0,1741.0,nan
티이엠씨,당기순이익,nan,106.0,422.0,228.0,116.0,nan
티이엠씨,영업활동현금흐름,nan,-84.0,221.0,630.0,136.0,nan
티이엠씨,잉여현금흐름,nan,-30.0,306.0,353.0,7.0,nan
티이엠씨,부채비율,250.8,145.1,101.3,62.2,nan,46.4
티이엠씨,유보율,771.0,1347.4,2168.0,3216.7,nan,1621.5
티이엠씨,ROE,nan,39.5,61.2,16.4,nan,10.7
티이엠씨,총자산회전율,nan,1.2,2.4,0.6,nan,0.8
티이엠씨,시가총액,nan,nan,nan,6386.0,nan,5334.0
티이엠씨,PER,nan,nan,nan,24.01,nan,nan
티이엠씨,PBR,nan,nan,nan,3.11,nan,1.88
티이엠씨,EV/EBITDA,1.11,2.16,0.41,22.89,nan,nan
신흥에스이씨,매출액,nan,3663.0,4778.0,5399.0,2620.0,nan
신흥에스이씨,당기순이익,nan,267.0,196.0,309.0,152.0,nan
신흥에스이씨,영업활동현금흐름,nan,341.0,503.0,561.0,322.0,nan
신흥에스이씨,잉여현금흐름,nan,15.0,509.0,251.0,-257.0,nan
신흥에스이씨,부채비율,175.6,86.5,113.2,148.7,nan,143.0
신흥에스이씨,유보율,644.5,1175.7,1252.9,1381.5,nan,1449.4
신흥에스이씨,ROE,15.8,12.7,6.6,9.6,nan,8.8
신흥에스이씨,총자산회전율,0.8,0.8,0.8,0.7,nan,0.6
신흥에스이씨,시가총액,3540.0,6743.0,5217.0,4433.0,nan,4919.0
신흥에스이씨,PER,18.18,18.86,19.18,13.77,nan,nan
신흥에스이씨,PBR,2.57,1.98,1.22,1.26,nan,1.23
신흥에스이씨,EV/EBITDA,9.76,9.9,7.37,7.38,nan,nan
프로텍,매출액,nan,1740.0,1988.0,1561.0,1210.0,nan
프로텍,당기순이익,nan,471.0,423.0,171.0,98.0,nan
프로텍,영업활동현금흐름,nan,198.0,468.0,259.0,49.0,nan
프로텍,잉여현금흐름,nan,-99.0,182.0,218.0,-310.0,nan
프로텍,부채비율,10.0,13.8,14.2,15.2,16.2,nan
프로텍,유보율,3869.3,4674.9,5398.3,5689.8,5868.5,nan
프로텍,ROE,5.5,20.7,16.2,7.4,6.4,nan
프로텍,총자산회전율,0.4,0.7,0.6,0.4,0.4,nan
프로텍,시가총액,3564.0,4048.0,3795.0,6908.0,5863.0,nan
프로텍,PER,26.36,6.26,5.53,24.36,nan,nan
프로텍,PBR,1.38,1.12,0.77,1.58,1.03,nan
프로텍,EV/EBITDA,16.97,5.62,4.27,21.21,nan,nan
케이아이엔엑스,매출액,nan,845.0,1109.0,1227.0,622.0,nan
케이아이엔엑스,당기순이익,nan,164.0,273.0,269.0,70.0,nan
케이아이엔엑스,영업활동현금흐름,nan,238.0,346.0,361.0,193.0,nan
케이아이엔엑스,잉여현금흐름,nan,-118.0,138.0,-23.0,373.0,nan
케이아이엔엑스,부채비율,26.3,22.5,23.7,37.9,nan,53.8
케이아이엔엑스,유보율,4381.0,5014.0,5952.4,6849.8,nan,7203.8
케이아이엔엑스,ROE,15.6,13.6,18.9,15.8,nan,9.9
케이아이엔엑스,총자산회전율,0.6,0.5,0.6,0.5,nan,0.4
케이아이엔엑스,시가총액,4636.0,4592.0,2918.0,5466.0,nan,6017.0
케이아이엔엑스,PER,23.49,15.37,10.45,19.71,nan,nan
케이아이엔엑스,PBR,3.2,1.95,1.8,2.87,nan,2.28
케이아이엔엑스,EV/EBITDA,11.96,8.02,7.06,12.11,nan,nan
비에이치,매출액,nan,10370.0,16811.0,15920.0,7673.0,nan
비에이치,당기순이익,nan,817.0,1407.0,849.0,446.0,nan
비에이치,영업활동현금흐름,nan,331.0,1974.0,905.0,397.0,nan
비에이치,잉여현금흐름,nan,341.0,-75.0,484.0,-488.0,nan
비에이치,부채비율,77.0,94.5,74.7,67.5,nan,94.5
비에이치,유보율,2092.3,2608.7,3470.3,3931.0,nan,4113.3
비에이치,ROE,8.7,22.6,29.7,15.1,nan,11.6
비에이치,총자산회전율,1.4,1.5,1.9,1.5,nan,1.3
비에이치,시가총액,8783.0,8184.0,11322.0,9840.0,nan,9116.0
비에이치,PER,28.36,9.58,5.38,8.04,nan,nan
비에이치,PBR,2.0,1.71,1.26,1.05,nan,1.15
비에이치,EV/EBITDA,11.58,7.86,4.8,5.81,nan,nan
원익QnC,매출액,nan,6241.0,7832.0,8059.0,4493.0,nan
원익QnC,당기순이익,nan,625.0,582.0,510.0,427.0,nan
원익QnC,영업활동현금흐름,nan,1049.0,646.0,799.0,387.0,nan
원익QnC,잉여현금흐름,nan,139.0,45.0,-199.0,54.0,nan
원익QnC,부채비율,145.6,116.9,163.0,170.1,nan,166.0
원익QnC,유보율,1714.0,2241.0,2757.3,3000.8,nan,3227.6
원익QnC,ROE,11.4,21.5,15.8,9.7,nan,15.2
원익QnC,총자산회전율,0.8,0.8,0.8,0.6,nan,0.6
원익QnC,시가총액,5586.0,8320.0,9135.0,8162.0,nan,10765.0
원익QnC,PER,21.64,12.8,11.43,19.78,nan,nan
원익QnC,PBR,2.34,2.44,1.64,1.85,nan,2.27
원익QnC,EV/EBITDA,8.64,7.45,7.01,9.66,nan,nan
피에스케이홀딩스,매출액,nan,816.0,728.0,947.0,1177.0,nan
피에스케이홀딩스,당기순이익,nan,466.0,408.0,427.0,540.0,nan
피에스케이홀딩스,영업활동현금흐름,nan,285.0,191.0,325.0,458.0,nan
피에스케이홀딩스,잉여현금흐름,nan,167.0,-84.0,410.0,155.0,nan
피에스케이홀딩스,부채비율,21.1,21.6,16.4,17.6,21.6,nan
피에스케이홀딩스,유보율,1895.1,2304.2,2619.4,3065.8,3458.6,nan
피에스케이홀딩스,ROE,38.0,20.8,15.3,13.7,19.9,nan
피에스케이홀딩스,총자산회전율,0.2,0.3,0.2,0.3,0.4,nan
피에스케이홀딩스,시가총액,1867.0,3870.0,3773.0,7245.0,17509.0,nan
피에스케이홀딩스,PER,2.82,8.28,3.62,13.61,nan,nan
피에스케이홀딩스,PBR,0.83,1.49,0.5,1.7,2.49,nan
피에스케이홀딩스,EV/EBITDA,75.02,14.16,6.85,18.38,nan,nan
한글과컴퓨터,매출액,nan,2417.0,2420.0,2711.0,2163.0,nan
한글과컴퓨터,당기순이익,nan,44.0,167.0,-275.0,328.0,nan
한글과컴퓨터,영업활동현금흐름,nan,542.0,238.0,471.0,332.0,nan
한글과컴퓨터,잉여현금흐름,nan,705.0,-554.0,-262.0,136.0,nan
한글과컴퓨터,부채비율,59.6,54.0,44.5,34.3,37.3,nan
한글과컴퓨터,유보율,2092.8,2104.8,2461.6,2419.3,2606.5,nan
한글과컴퓨터,ROE,14.7,6.6,15.8,4.6,13.0,nan
한글과컴퓨터,총자산회전율,0.6,0.3,0.3,0.4,0.4,nan
한글과컴퓨터,시가총액,5218.0,8355.0,6792.0,4396.0,8499.0,nan
한글과컴퓨터,PER,12.49,37.16,6.63,23.64,nan,nan
한글과컴퓨터,PBR,1.63,2.29,0.91,1.02,1.24,nan
한글과컴퓨터,EV/EBITDA,6.74,14.01,8.94,8.25,nan,nan
탑머티리얼,매출액,nan,319.0,630.0,1222.0,852.0,nan
탑머티리얼,당기순이익,nan,43.0,106.0,176.0,19.0,nan
탑머티리얼,영업활동현금흐름,nan,32.0,137.0,-180.0,-215.0,nan
탑머티리얼,잉여현금흐름,nan,84.0,1.0,51.0,-103.0,nan
탑머티리얼,부채비율,68.7,21.9,26.0,30.6,47.5,nan
탑머티리얼,유보율,185.1,780.6,2313.1,3799.8,3737.0,nan
탑머티리얼,ROE,5.7,26.8,17.2,14.0,1.6,nan
탑머티리얼,총자산회전율,0.7,1.5,0.8,0.8,0.5,nan
탑머티리얼,시가총액,nan,nan,3773.0,7122.0,7138.0,nan
탑머티리얼,PER,nan,nan,18.47,27.44,nan,nan
탑머티리얼,PBR,nan,nan,2.52,3.1,2.1,nan
탑머티리얼,EV/EBITDA,1.53,0.0,18.7,29.66,nan,nan
RFHIC,매출액,nan,1016.0,1080.0,1114.0,516.0,nan
RFHIC,당기순이익,nan,59.0,49.0,177.0,245.0,nan
RFHIC,영업활동현금흐름,nan,221.0,40.0,160.0,249.0,nan
RFHIC,잉여현금흐름,nan,61.0,513.0,-21.0,-627.0,nan
RFHIC,부채비율,43.8,45.0,53.8,55.2,nan,47.5
RFHIC,유보율,1597.0,2102.8,2095.8,2158.8,nan,2334.5
RFHIC,ROE,1.0,2.5,1.0,6.2,nan,16.6
RFHIC,총자산회전율,0.3,0.3,0.2,0.2,nan,0.2
RFHIC,시가총액,10970.0,11602.0,9533.0,7554.0,nan,5154.0
RFHIC,PER,526.6,150.67,215.8,27.69,nan,nan
RFHIC,PBR,5.26,3.24,2.04,1.58,nan,1.16
RFHIC,EV/EBITDA,430.05,90.18,81.3,65.56,nan,nan
원익머트리얼즈,매출액,nan,3107.0,5813.0,3917.0,1518.0,nan
원익머트리얼즈,당기순이익,nan,528.0,577.0,138.0,231.0,nan
원익머트리얼즈,영업활동현금흐름,nan,590.0,-98.0,1339.0,590.0,nan
원익머트리얼즈,잉여현금흐름,nan,-65.0,101.0,-35.0,159.0,nan
원익머트리얼즈,부채비율,18.2,18.0,30.9,11.2,nan,12.2
원익머트리얼즈,유보율,5271.4,6122.6,6964.8,7010.8,nan,7375.3
원익머트리얼즈,ROE,10.3,14.5,13.8,3.1,nan,10.1
원익머트리얼즈,총자산회전율,0.7,0.7,1.1,0.7,nan,0.6
원익머트리얼즈,시가총액,4495.0,5295.0,5176.0,4180.0,nan,4797.0
원익머트리얼즈,PER,13.34,8.45,6.2,27.37,nan,nan
원익머트리얼즈,PBR,1.31,1.14,0.8,0.85,nan,0.9
원익머트리얼즈,EV/EBITDA,6.39,5.97,3.24,6.68,nan,nan
LS머트리얼즈,매출액,nan,427.0,1620.0,1369.0,715.0,nan
LS머트리얼즈,당기순이익,nan,20.0,84.0,122.0,32.0,nan
LS머트리얼즈,영업활동현금흐름,nan,56.0,20.0,69.0,-99.0,nan
LS머트리얼즈,잉여현금흐름,nan,161.0,8.0,1033.0,-409.0,nan
LS머트리얼즈,부채비율,nan,72.9,49.0,31.1,nan,30.9
LS머트리얼즈,유보율,nan,217.3,275.3,433.6,nan,438.2
LS머트리얼즈,ROE,nan,nan,9.6,8.7,nan,3.4
LS머트리얼즈,총자산회전율,nan,nan,1.2,0.7,nan,0.5
LS머트리얼즈,시가총액,nan,nan,nan,32000.0,nan,33623.0
LS머트리얼즈,PER,nan,nan,nan,207.28,nan,nan
LS머트리얼즈,PBR,nan,nan,nan,16.62,nan,8.79
LS머트리얼즈,EV/EBITDA,nan,0.0,0.0,158.23,nan,nan
엠씨넥스,매출액,nan,10093.0,11086.0,9325.0,5136.0,nan
엠씨넥스,당기순이익,nan,395.0,230.0,279.0,344.0,nan
엠씨넥스,영업활동현금흐름,nan,928.0,1223.0,467.0,34.0,nan
엠씨넥스,잉여현금흐름,nan,15.0,234.0,-348.0,201.0,nan
엠씨넥스,부채비율,79.3,75.8,74.4,65.5,nan,61.2
엠씨넥스,유보율,2765.4,3247.5,3414.6,3600.7,nan,3898.9
엠씨넥스,ROE,16.1,14.3,7.6,8.8,nan,20.5
엠씨넥스,총자산회전율,2.8,2.1,2.1,1.7,nan,1.9
엠씨넥스,시가총액,7744.0,11558.0,10263.0,5996.0,nan,5501.0
엠씨넥스,PER,18.77,26.06,21.83,19.48,nan,nan
엠씨넥스,PBR,2.82,3.44,1.59,1.63,nan,1.14
엠씨넥스,EV/EBITDA,6.61,13.71,8.3,8.22,nan,nan
ISC,매출액,nan,1447.0,1789.0,1402.0,1352.0,nan
ISC,당기순이익,nan,301.0,439.0,136.0,430.0,nan
ISC,영업활동현금흐름,nan,393.0,654.0,224.0,241.0,nan
ISC,잉여현금흐름,nan,138.0,39.0,2145.0,-2340.0,nan
ISC,부채비율,38.6,17.6,33.7,14.4,11.1,nan
ISC,유보율,2404.2,2808.0,3187.0,4534.7,4891.5,nan
ISC,ROE,3.7,15.3,17.9,3.6,11.6,nan
ISC,총자산회전율,0.5,0.6,0.6,0.3,0.3,nan
ISC,시가총액,3818.0,5848.0,7177.0,19417.0,21261.0,nan
ISC,PER,60.62,19.34,12.41,111.39,nan,nan
ISC,PBR,2.16,2.43,1.91,3.47,2.32,nan
ISC,EV/EBITDA,14.21,12.34,7.84,87.59,nan,nan
제주반도체,매출액,nan,1933.0,1583.0,1459.0,1255.0,nan
제주반도체,당기순이익,nan,128.0,247.0,169.0,79.0,nan
제주반도체,영업활동현금흐름,nan,73.0,-22.0,25.0,-34.0,nan
제주반도체,잉여현금흐름,nan,-79.0,-52.0,8.0,22.0,nan
제주반도체,부채비율,70.2,43.4,23.3,25.3,24.5,nan
제주반도체,유보율,478.5,589.2,734.4,827.1,921.5,nan
제주반도체,ROE,12.8,12.1,18.9,11.2,6.4,nan
제주반도체,총자산회전율,0.8,1.2,0.9,0.8,0.8,nan
제주반도체,시가총액,1342.0,2562.0,2325.0,4719.0,11711.0,nan
제주반도체,PER,11.84,17.81,5.07,28.21,nan,nan
제주반도체,PBR,1.28,1.87,0.85,2.93,2.57,nan
제주반도체,EV/EBITDA,12.81,9.33,4.12,22.05,nan,nan
인탑스,매출액,nan,10520.0,10980.0,5774.0,3300.0,nan
인탑스,당기순이익,nan,808.0,1182.0,384.0,260.0,nan
인탑스,영업활동현금흐름,nan,1006.0,1659.0,543.0,272.0,nan
인탑스,잉여현금흐름,nan,900.0,227.0,-776.0,-459.0,nan
인탑스,부채비율,31.2,29.4,19.0,14.8,nan,19.0
인탑스,유보율,5352.9,6299.5,7358.0,7556.7,nan,7832.4
인탑스,ROE,9.0,15.0,17.4,4.4,nan,6.9
인탑스,총자산회전율,1.1,1.4,1.3,0.7,nan,0.8
인탑스,시가총액,5194.0,6278.0,7456.0,7413.0,nan,6545.0
인탑스,PER,12.84,7.38,4.76,16.79,nan,nan
인탑스,PBR,1.11,1.01,0.74,0.71,nan,0.62
인탑스,EV/EBITDA,6.75,6.12,3.64,15.78,nan,nan
시노펙스,매출액,nan,2315.0,2448.0,2622.0,1866.0,nan
시노펙스,당기순이익,nan,99.0,83.0,146.0,151.0,nan
시노펙스,영업활동현금흐름,nan,68.0,292.0,481.0,344.0,nan
시노펙스,잉여현금흐름,nan,-31.0,169.0,-32.0,166.0,nan
시노펙스,부채비율,116.8,128.5,104.9,50.1,44.1,nan
시노펙스,유보율,112.7,148.6,184.3,225.3,260.8,nan
시노펙스,ROE,-11.3,12.2,8.8,12.2,14.2,nan
시노펙스,총자산회전율,1.4,1.3,1.2,1.3,1.2,nan
시노펙스,시가총액,4557.0,3413.0,2615.0,6328.0,11165.0,nan
시노펙스,PER,nan,20.38,22.23,43.34,nan,nan
시노펙스,PBR,3.92,2.21,1.74,4.59,4.08,nan
시노펙스,EV/EBITDA,37.89,12.68,7.37,15.37,nan,nan
상아프론테크,매출액,nan,1785.0,1812.0,1836.0,887.0,nan
상아프론테크,당기순이익,nan,93.0,74.0,120.0,-10.0,nan
상아프론테크,영업활동현금흐름,nan,209.0,156.0,287.0,130.0,nan
상아프론테크,잉여현금흐름,nan,2.0,22.0,3.0,0.0,nan
상아프론테크,부채비율,88.9,76.0,81.6,80.8,nan,91.0
상아프론테크,유보율,1882.5,2226.7,2269.0,2369.6,nan,2343.0
상아프론테크,ROE,1.6,5.6,4.1,6.4,nan,-1.1
상아프론테크,총자산회전율,0.6,0.6,0.6,0.5,nan,0.5
상아프론테크,시가총액,8664.0,12045.0,8330.0,5580.0,nan,4549.0
상아프론테크,PER,309.77,89.93,58.35,29.73,nan,nan
상아프론테크,PBR,4.61,4.5,2.29,1.81,nan,2.32
상아프론테크,EV/EBITDA,44.92,38.65,19.37,17.79,nan,nan
롯데에너지머티리얼즈,매출액,nan,6889.0,7294.0,8090.0,7159.0,nan
롯데에너지머티리얼즈,당기순이익,nan,632.0,490.0,-451.0,140.0,nan
롯데에너지머티리얼즈,영업활동현금흐름,nan,299.0,289.0,-898.0,691.0,nan
롯데에너지머티리얼즈,잉여현금흐름,nan,982.0,-445.0,3530.0,-1177.0,nan
롯데에너지머티리얼즈,부채비율,26.6,30.0,22.1,21.7,27.9,nan
롯데에너지머티리얼즈,유보율,2551.1,4187.9,6232.2,6117.6,5832.1,nan
롯데에너지머티리얼즈,ROE,7.2,7.9,3.6,-2.3,0.8,nan
롯데에너지머티리얼즈,총자산회전율,0.5,0.5,0.4,0.3,0.4,nan
롯데에너지머티리얼즈,시가총액,25960.0,64325.0,60636.0,33384.0,26422.0,nan
롯데에너지머티리얼즈,PER,54.92,99.16,54.6,nan,nan,nan
롯데에너지머티리얼즈,PBR,3.84,6.3,1.64,1.35,1.39,nan
롯데에너지머티리얼즈,EV/EBITDA,30.42,58.39,21.27,27.84,nan,nan
넥슨게임즈,매출액,nan,631.0,1324.0,1933.0,2077.0,nan
넥슨게임즈,당기순이익,nan,-80.0,60.0,113.0,285.0,nan
넥슨게임즈,영업활동현금흐름,nan,288.0,291.0,369.0,482.0,nan
넥슨게임즈,잉여현금흐름,nan,399.0,573.0,-23.0,115.0,nan
넥슨게임즈,부채비율,42.2,105.8,37.3,39.6,62.0,nan
넥슨게임즈,유보율,360.5,327.2,720.6,801.1,925.1,nan
넥슨게임즈,ROE,49.9,-12.4,4.1,4.5,13.4,nan
넥슨게임즈,총자산회전율,1.0,0.6,0.6,0.6,0.6,nan
넥슨게임즈,시가총액,2881.0,6766.0,16828.0,16375.0,19326.0,nan
넥슨게임즈,PER,10.8,nan,121.31,87.24,nan,nan
넥슨게임즈,PBR,4.24,10.98,3.16,3.33,3.05,nan
넥슨게임즈,EV/EBITDA,9.93,nan,85.44,45.74,nan,nan
서진시스템,매출액,nan,6061.0,7360.0,7787.0,6345.0,nan
서진시스템,당기순이익,nan,386.0,16.0,-227.0,521.0,nan
서진시스템,영업활동현금흐름,nan,-53.0,242.0,426.0,23.0,nan
서진시스템,잉여현금흐름,nan,22.0,-57.0,-28.0,132.0,nan
서진시스템,부채비율,186.1,191.5,156.7,205.2,nan,125.8
서진시스템,유보율,2572.9,3733.7,2771.5,2592.2,nan,2662.8
서진시스템,ROE,-2.2,12.8,0.4,-4.4,nan,16.6
서진시스템,총자산회전율,0.5,0.7,0.6,0.5,nan,0.8
서진시스템,시가총액,9937.0,9231.0,8127.0,7892.0,nan,18243.0
서진시스템,PER,nan,21.05,408.18,nan,nan,nan
서진시스템,PBR,3.79,2.26,1.22,1.35,nan,2.22
서진시스템,EV/EBITDA,31.9,11.51,9.05,10.37,nan,nan
티에스이,매출액,nan,3077.0,3393.0,2491.0,1343.0,nan
티에스이,당기순이익,nan,432.0,534.0,-21.0,87.0,nan
티에스이,영업활동현금흐름,nan,462.0,548.0,26.0,-0.0,nan
티에스이,잉여현금흐름,nan,-74.0,221.0,-157.0,-24.0,nan
티에스이,부채비율,33.9,37.6,31.8,27.4,nan,28.9
티에스이,유보율,3523.0,4329.3,5190.6,5373.1,nan,5592.3
티에스이,ROE,15.1,20.6,18.8,0.0,nan,5.0
티에스이,총자산회전율,1.0,0.9,0.8,0.6,nan,0.6
티에스이,시가총액,6936.0,8882.0,9679.0,6371.0,nan,9203.0
티에스이,PER,25.52,18.23,8.2,4523.94,nan,nan
티에스이,PBR,3.46,3.33,1.4,1.81,nan,2.11
티에스이,EV/EBITDA,12.0,11.12,5.62,25.13,nan,nan
서울반도체,매출액,nan,13010.0,11094.0,10324.0,5240.0,nan
서울반도체,당기순이익,nan,615.0,-543.0,-745.0,31.0,nan
서울반도체,영업활동현금흐름,nan,984.0,1557.0,1207.0,327.0,nan
서울반도체,잉여현금흐름,nan,498.0,-76.0,238.0,4.0,nan
서울반도체,부채비율,68.2,77.6,66.3,77.2,nan,84.1
서울반도체,유보율,2349.3,2541.7,2458.5,2363.6,nan,2327.9
서울반도체,ROE,2.6,7.0,-0.2,-3.2,nan,-1.9
서울반도체,총자산회전율,0.9,0.9,0.8,0.8,nan,0.8
서울반도체,시가총액,11982.0,12885.0,9824.0,7638.0,nan,6693.0
서울반도체,PER,67.45,18.08,nan,nan,nan,nan
서울반도체,PBR,1.68,1.17,0.79,0.82,nan,0.75
서울반도체,EV/EBITDA,10.26,8.87,16.04,17.21,nan,nan
강원에너지,매출액,nan,442.0,714.0,1392.0,1367.0,nan
강원에너지,당기순이익,nan,58.0,35.0,53.0,-18.0,nan
강원에너지,영업활동현금흐름,nan,-45.0,-39.0,-176.0,173.0,nan
강원에너지,잉여현금흐름,nan,-22.0,-54.0,5.0,147.0,nan
강원에너지,부채비율,92.8,45.3,161.3,303.4,nan,269.8
강원에너지,유보율,88.3,118.9,147.4,198.7,nan,193.4
강원에너지,ROE,-65.3,25.4,11.4,12.3,nan,-4.7
강원에너지,총자산회전율,0.9,1.2,1.1,1.1,nan,1.7
강원에너지,시가총액,729.0,653.0,3017.0,10449.0,nan,5682.0
강원에너지,PER,nan,17.5,66.52,106.37,nan,nan
강원에너지,PBR,5.31,4.57,7.11,11.98,nan,10.81
강원에너지,EV/EBITDA,nan,24.05,68.58,57.49,nan,nan
가온칩스,매출액,nan,322.0,433.0,636.0,412.0,nan
가온칩스,당기순이익,nan,62.0,44.0,63.0,11.0,nan
가온칩스,영업활동현금흐름,nan,35.0,59.0,57.0,9.0,nan
가온칩스,잉여현금흐름,nan,-39.0,54.0,-40.0,-1.0,nan
가온칩스,부채비율,134.8,69.2,34.6,52.6,nan,57.3
가온칩스,유보율,2618.7,363.8,846.9,979.7,nan,1004.4
가온칩스,ROE,18.8,37.8,11.6,10.9,nan,3.5
가온칩스,총자산회전율,0.8,1.0,0.8,0.8,nan,0.9
가온칩스,시가총액,nan,nan,4165.0,6721.0,nan,14131.0
가온칩스,PER,nan,nan,34.45,103.58,nan,nan
가온칩스,PBR,nan,nan,3.0,10.6,nan,12.22
가온칩스,EV/EBITDA,0.0,0.0,26.61,76.4,nan,nan
드림텍,매출액,nan,12316.0,13686.0,10304.0,5506.0,nan
드림텍,당기순이익,nan,793.0,850.0,270.0,197.0,nan
드림텍,영업활동현금흐름,nan,807.0,1434.0,1132.0,119.0,nan
드림텍,잉여현금흐름,nan,596.0,825.0,-355.0,-388.0,nan
드림텍,부채비율,99.9,88.5,64.5,56.6,nan,71.2
드림텍,유보율,3945.7,5091.7,5899.6,5693.9,nan,5915.1
드림텍,ROE,8.8,23.0,17.2,3.7,nan,6.4
드림텍,총자산회전율,2.0,1.8,1.8,1.3,nan,1.3
드림텍,시가총액,12508.0,8749.0,8103.0,9352.0,nan,9422.0
드림텍,PER,34.48,11.35,9.4,57.24,nan,nan
드림텍,PBR,2.86,2.28,1.48,2.15,nan,1.41
드림텍,EV/EBITDA,12.89,6.27,4.62,10.99,nan,nan
카페24,매출액,nan,2763.0,2661.0,2781.0,1427.0,nan
카페24,당기순이익,nan,-181.0,-499.0,20.0,75.0,nan
카페24,영업활동현금흐름,nan,56.0,113.0,360.0,320.0,nan
카페24,잉여현금흐름,nan,-40.0,109.0,-24.0,-22.0,nan
카페24,부채비율,59.3,53.4,101.4,84.4,nan,76.9
카페24,유보율,2516.2,2005.6,1245.0,1431.7,nan,1495.4
카페24,ROE,5.6,-10.6,-19.6,6.1,nan,9.6
카페24,총자산회전율,1.0,0.8,0.7,0.8,nan,0.9
카페24,시가총액,6950.0,9361.0,6232.0,7368.0,nan,10126.0
카페24,PER,89.79,nan,nan,65.33,nan,nan
카페24,PBR,4.86,2.6,1.47,3.66,nan,5.06
카페24,EV/EBITDA,21.8,68.31,21.66,19.92,nan,nan
에코프로머티,매출액,nan,3429.0,6652.0,9525.0,2118.0,nan
에코프로머티,당기순이익,nan,-230.0,156.0,50.0,-371.0,nan
에코프로머티,영업활동현금흐름,nan,-239.0,-800.0,1163.0,-1514.0,nan
에코프로머티,잉여현금흐름,nan,-40.0,8.0,3764.0,-3266.0,nan
에코프로머티,부채비율,102.6,445.5,102.0,38.2,53.6,nan
에코프로머티,유보율,357.5,250.0,985.6,2175.3,1973.6,nan
에코프로머티,ROE,23.4,nan,8.2,0.9,-6.5,nan
에코프로머티,총자산회전율,1.1,nan,1.3,1.1,0.3,nan
에코프로머티,시가총액,nan,nan,nan,145323.0,165565.0,nan
에코프로머티,PER,nan,nan,nan,2209.28,nan,nan
에코프로머티,PBR,nan,nan,nan,16.27,12.78,nan
에코프로머티,EV/EBITDA,4.34,7.37,4.36,311.8,nan,nan
인텔리안테크,매출액,nan,1380.0,2395.0,3050.0,1184.0,nan
인텔리안테크,당기순이익,nan,60.0,160.0,55.0,-22.0,nan
인텔리안테크,영업활동현금흐름,nan,-97.0,-261.0,298.0,157.0,nan
인텔리안테크,잉여현금흐름,nan,89.0,22.0,312.0,-262.0,nan
인텔리안테크,부채비율,99.3,61.4,107.3,65.0,nan,80.0
인텔리안테크,유보율,2040.2,3518.9,3884.6,5098.6,nan,5025.2
인텔리안테크,ROE,0.7,5.0,9.4,2.4,nan,-1.6
인텔리안테크,총자산회전율,0.8,0.7,0.8,0.7,nan,0.5
인텔리안테크,시가총액,3947.0,8449.0,8623.0,9628.0,nan,8694.0
인텔리안테크,PER,670.48,127.76,38.73,131.58,nan,nan
인텔리안테크,PBR,4.78,5.05,3.39,2.79,nan,2.3
인텔리안테크,EV/EBITDA,33.46,65.51,24.83,26.17,nan,nan
위메이드맥스,매출액,nan,355.0,862.0,698.0,360.0,nan
위메이드맥스,당기순이익,nan,-15.0,226.0,22.0,-13.0,nan
위메이드맥스,영업활동현금흐름,nan,23.0,352.0,92.0,-0.0,nan
위메이드맥스,잉여현금흐름,nan,34.0,305.0,-14.0,-18.0,nan
위메이드맥스,부채비율,48.9,95.5,54.1,58.6,nan,59.1
위메이드맥스,유보율,286.0,269.5,403.4,442.3,nan,438.0
위메이드맥스,ROE,-65.7,-5.5,50.8,8.0,nan,-1.7
위메이드맥스,총자산회전율,1.1,0.7,1.0,0.6,nan,0.6
위메이드맥스,시가총액,634.0,9161.0,9273.0,6842.0,nan,4961.0
위메이드맥스,PER,nan,nan,11.94,72.75,nan,nan
위메이드맥스,PBR,1.5,25.12,3.81,5.16,nan,3.62
위메이드맥스,EV/EBITDA,nan,323.42,11.68,65.65,nan,nan
에이직랜드,매출액,nan,452.0,696.0,742.0,338.0,nan
에이직랜드,당기순이익,nan,21.0,52.0,36.0,0.0,nan
에이직랜드,영업활동현금흐름,nan,83.0,157.0,-106.0,-177.0,nan
에이직랜드,잉여현금흐름,nan,59.0,192.0,111.0,-226.0,nan
에이직랜드,부채비율,154.7,nan,2159.3,63.6,nan,58.2
에이직랜드,유보율,1684.8,nan,15.9,1731.6,nan,1726.4
에이직랜드,ROE,nan,nan,2002.3,7.2,nan,0.0
에이직랜드,총자산회전율,nan,nan,1.2,0.6,nan,0.4
에이직랜드,시가총액,nan,nan,nan,6525.0,nan,8137.0
에이직랜드,PER,nan,nan,nan,134.79,nan,nan
에이직랜드,PBR,nan,nan,nan,6.46,nan,4.91
에이직랜드,EV/EBITDA,0.0,0.0,0.0,112.51,nan,nan
average,매출액,nan,39209.7,44396.0,40143.3,31412.2,nan
average,당기순이익,nan,6721.4,6696.0,2291.9,3361.0,nan
average,영업활동현금흐름,nan,7979.3,7700.1,6011.9,5803.4,nan
average,잉여현금흐름,nan,1366.7,962.4,2217.6,-2761.8,nan
average,부채비율,87.3,73.9,86.8,59.0,45.7,68.0
average,유보율,5727.3,8119.6,8043.7,8596.0,9317.7,8657.2
average,ROE,10.7,15.7,34.9,11.8,11.0,10.4
average,총자산회전율,0.9,0.9,0.9,0.8,0.8,0.7
average,시가총액,95992.8,116366.0,93993.3,88305.8,169924.0,30089.7
average,PER,60.9,32.9,26.0,109.7,nan,nan
average,PBR,3.5,3.9,2.1,3.4,2.4,3.4
average,EV/EBITDA,21.6,24.7,14.2,32.1,nan,nan
